time,uav_id,status,assigned_cluster_id,x,y,is_damaged
30.0,1,en_route,4,13.644186943735974,-137600.00449343596,False
30.0,2,en_route,5,6.376149171134859,-137600.00237466436,False
30.0,3,en_route,3,7.373389062901962,-137600.00008180027,False
30.0,4,available,,10.0,-140000.0,False
30.0,5,available,,5.0,-140000.0,False
30.0,6,available,,4.0,-140000.0,False
30.0,7,available,,4.0,-140000.0,False
30.0,8,available,,4.0,-140000.0,False
30.0,9,available,,4.0,-140000.0,False
30.0,10,available,,4.0,-140000.0,False
30.0,11,available,,4.0,-140000.0,False
30.0,12,en_route,4,4.7996731454157775,-137600.00479935113,False
30.0,13,en_route,4,5.782396903733375,-137600.0047648631,False
30.0,14,en_route,4,10.696015684223502,-137600.00459428842,False
30.0,15,en_route,4,12.661463191290686,-137600.0045269291,False
30.0,16,en_route,4,6.765120661307533,-137600.00473049944,False
30.0,17,en_route,4,11.678739438120756,-137600.00456054657,False
30.0,18,en_route,4,11.678739438120756,-137600.00456054657,False
30.0,19,en_route,5,10.307534723806413,-137600.00227912315,False
30.0,20,en_route,5,10.307534723806413,-137600.00227912315,False
30.0,21,en_route,5,10.307534723806413,-137600.00227912315,False
30.0,22,en_route,5,10.307534723806413,-137600.00227912315,False
30.0,23,en_route,5,10.307534723806413,-137600.00227912315,False
30.0,24,en_route,5,10.307534723806413,-137600.00227912315,False
30.0,25,en_route,3,6.390416532904931,-137600.000077415,False
30.0,26,en_route,3,6.390416532904931,-137600.000077415,False
30.0,27,en_route,3,6.390416532904931,-137600.000077415,False
30.0,28,en_route,3,6.390416532904931,-137600.000077415,False
30.0,29,en_route,3,6.390416532904931,-137600.000077415,False
30.0,30,en_route,0,-22.293978967837948,-137600.1787852433,False
30.0,31,en_route,0,-22.293978967837948,-137600.1787852433,False
30.0,32,en_route,0,-22.293978967837948,-137600.1787852433,False
30.0,33,en_route,0,-22.293978967837948,-137600.1787852433,False
30.0,34,en_route,1,0.4227356319130946,-137600.00901260163,False
30.0,35,en_route,1,0.4227356319130946,-137600.00901260163,False
30.0,36,en_route,1,0.4227356319130946,-137600.00901260163,False
30.0,37,en_route,1,0.4227356319130946,-137600.00901260163,False
30.0,38,en_route,2,23.8940362476765,-137600.05946083256,False
30.0,39,en_route,2,23.8940362476765,-137600.05946083256,False
30.0,40,en_route,2,23.8940362476765,-137600.05946083256,False
30.0,41,available,,7.0,-140000.0,False
60.0,1,en_route,4,18.28837388747195,-135200.00898687192,False
60.0,2,en_route,5,9.752298342269718,-135200.0047493287,False
60.0,3,en_route,3,6.746778125803925,-135200.00016360055,False
60.0,4,available,,10.0,-140000.0,False
60.0,5,available,,5.0,-140000.0,False
60.0,6,available,,4.0,-140000.0,False
60.0,7,available,,4.0,-140000.0,False
60.0,8,available,,4.0,-140000.0,False
60.0,9,available,,4.0,-140000.0,False
60.0,10,available,,4.0,-140000.0,False
60.0,11,available,,4.0,-140000.0,False
60.0,12,en_route,4,9.599346290831553,-135200.00959870225,False
60.0,13,en_route,4,10.56479380746675,-135200.00952972617,False
60.0,14,en_route,4,15.392031368447004,-135200.00918857683,False
60.0,15,en_route,4,17.32292638258137,-135200.00905385817,False
60.0,16,en_route,4,11.530241322615066,-135200.00946099887,False
60.0,17,en_route,4,16.35747887624151,-135200.00912109314,False
60.0,18,en_route,4,16.35747887624151,-135200.00912109314,False
60.0,19,en_route,5,13.615069447612825,-135200.0045582463,False
60.0,20,en_route,5,13.615069447612825,-135200.0045582463,False
60.0,21,en_route,5,13.615069447612825,-135200.0045582463,False
60.0,22,en_route,5,13.615069447612825,-135200.0045582463,False
60.0,23,en_route,5,13.615069447612825,-135200.0045582463,False
60.0,24,en_route,5,13.615069447612825,-135200.0045582463,False
60.0,25,en_route,3,5.780833065809862,-135200.00015483,False
60.0,26,en_route,3,5.780833065809862,-135200.00015483,False
60.0,27,en_route,3,5.780833065809862,-135200.00015483,False
60.0,28,en_route,3,5.780833065809862,-135200.00015483,False
60.0,29,en_route,3,5.780833065809862,-135200.00015483,False
60.0,30,en_route,0,-51.58795793567589,-135200.35757048664,False
60.0,31,en_route,0,-51.58795793567589,-135200.35757048664,False
60.0,32,en_route,0,-51.58795793567589,-135200.35757048664,False
60.0,33,en_route,0,-51.58795793567589,-135200.35757048664,False
60.0,34,en_route,1,-6.154528736173811,-135200.01802520326,False
60.0,35,en_route,1,-6.154528736173811,-135200.01802520326,False
60.0,36,en_route,1,-6.154528736173811,-135200.01802520326,False
60.0,37,en_route,1,-6.154528736173811,-135200.01802520326,False
60.0,38,en_route,2,40.788072495353,-135200.11892166513,False
60.0,39,en_route,2,40.788072495353,-135200.11892166513,False
60.0,40,en_route,2,40.788072495353,-135200.11892166513,False
60.0,41,available,,7.0,-140000.0,False
90.0,1,en_route,4,22.932560831207923,-132800.01348030788,False
90.0,2,en_route,5,13.128447513404577,-132800.00712399307,False
90.0,3,en_route,3,6.120167188705889,-132800.00024540082,False
90.0,4,available,,10.0,-140000.0,False
90.0,5,available,,5.0,-140000.0,False
90.0,6,available,,4.0,-140000.0,False
90.0,7,available,,4.0,-140000.0,False
90.0,8,available,,4.0,-140000.0,False
90.0,9,available,,4.0,-140000.0,False
90.0,10,available,,4.0,-140000.0,False
90.0,11,available,,4.0,-140000.0,False
90.0,12,en_route,4,14.399019436247329,-132800.01439805338,False
90.0,13,en_route,4,15.347190711200124,-132800.01429458926,False
90.0,14,en_route,4,20.088047052670504,-132800.01378286525,False
90.0,15,en_route,4,21.984389573872058,-132800.01358078726,False
90.0,16,en_route,4,16.295361983922596,-132800.0141914983,False
90.0,17,en_route,4,21.036218314362266,-132800.0136816397,False
90.0,18,en_route,4,21.036218314362266,-132800.0136816397,False
90.0,19,en_route,5,16.922604171419238,-132800.00683736944,False
90.0,20,en_route,5,16.922604171419238,-132800.00683736944,False
90.0,21,en_route,5,16.922604171419238,-132800.00683736944,False
90.0,22,en_route,5,16.922604171419238,-132800.00683736944,False
90.0,23,en_route,5,16.922604171419238,-132800.00683736944,False
90.0,24,en_route,5,16.922604171419238,-132800.00683736944,False
90.0,25,en_route,3,5.171249598714793,-132800.000232245,False
90.0,26,en_route,3,5.171249598714793,-132800.000232245,False
90.0,27,en_route,3,5.171249598714793,-132800.000232245,False
90.0,28,en_route,3,5.171249598714793,-132800.000232245,False
90.0,29,en_route,3,5.171249598714793,-132800.000232245,False
90.0,30,en_route,0,-80.88193690351383,-132800.53635572997,False
90.0,31,en_route,0,-80.88193690351383,-132800.53635572997,False
90.0,32,en_route,0,-80.88193690351383,-132800.53635572997,False
90.0,33,en_route,0,-80.88193690351383,-132800.53635572997,False
90.0,34,en_route,1,-12.731793104260717,-132800.0270378049,False
90.0,35,en_route,1,-12.731793104260717,-132800.0270378049,False
90.0,36,en_route,1,-12.731793104260717,-132800.0270378049,False
90.0,37,en_route,1,-12.731793104260717,-132800.0270378049,False
90.0,38,en_route,2,57.6821087430295,-132800.1783824977,False
90.0,39,en_route,2,57.6821087430295,-132800.1783824977,False
90.0,40,en_route,2,57.6821087430295,-132800.1783824977,False
90.0,41,available,,7.0,-140000.0,False
120.0,1,en_route,4,27.576747774943897,-130400.01797374383,False
120.0,2,en_route,5,16.504596684539436,-130400.00949865741,False
120.0,3,en_route,3,5.493556251607852,-130400.00032720108,False
120.0,4,available,,10.0,-140000.0,False
120.0,5,available,,5.0,-140000.0,False
120.0,6,available,,4.0,-140000.0,False
120.0,7,available,,4.0,-140000.0,False
120.0,8,available,,4.0,-140000.0,False
120.0,9,available,,4.0,-140000.0,False
120.0,10,available,,4.0,-140000.0,False
120.0,11,available,,4.0,-140000.0,False
120.0,12,en_route,4,19.198692581663103,-130400.01919740449,False
120.0,13,en_route,4,20.1295876149335,-130400.01905945234,False
120.0,14,en_route,4,24.784062736894008,-130400.01837715367,False
120.0,15,en_route,4,26.645852765162743,-130400.01810771634,False
120.0,16,en_route,4,21.060482645230127,-130400.01892199775,False
120.0,17,en_route,4,25.714957752483024,-130400.01824218628,False
120.0,18,en_route,4,25.714957752483024,-130400.01824218628,False
120.0,19,en_route,5,20.23013889522565,-130400.0091164926,False
120.0,20,en_route,5,20.23013889522565,-130400.0091164926,False
120.0,21,en_route,5,20.23013889522565,-130400.0091164926,False
120.0,22,en_route,5,20.23013889522565,-130400.0091164926,False
120.0,23,en_route,5,20.23013889522565,-130400.0091164926,False
120.0,24,en_route,5,20.23013889522565,-130400.0091164926,False
120.0,25,en_route,3,4.561666131619724,-130400.00030965998,False
120.0,26,en_route,3,4.561666131619724,-130400.00030965998,False
120.0,27,en_route,3,4.561666131619724,-130400.00030965998,False
120.0,28,en_route,3,4.561666131619724,-130400.00030965998,False
120.0,29,en_route,3,4.561666131619724,-130400.00030965998,False
120.0,30,en_route,0,-110.17591587135178,-130400.71514097329,False
120.0,31,en_route,0,-110.17591587135178,-130400.71514097329,False
120.0,32,en_route,0,-110.17591587135178,-130400.71514097329,False
120.0,33,en_route,0,-110.17591587135178,-130400.71514097329,False
120.0,34,en_route,1,-19.30905747234762,-130400.03605040652,False
120.0,35,en_route,1,-19.30905747234762,-130400.03605040652,False
120.0,36,en_route,1,-19.30905747234762,-130400.03605040652,False
120.0,37,en_route,1,-19.30905747234762,-130400.03605040652,False
120.0,38,en_route,2,74.576144990706,-130400.23784333025,False
120.0,39,en_route,2,74.576144990706,-130400.23784333025,False
120.0,40,en_route,2,74.576144990706,-130400.23784333025,False
120.0,41,available,,7.0,-140000.0,False
150.0,1,assigned,4,32.22093471867987,-128000.02246717978,False
150.0,2,assigned,5,19.880745855674295,-128000.01187332175,False
150.0,3,assigned,3,4.866945314509815,-128000.00040900134,False
150.0,4,available,,10.0,-140000.0,False
150.0,5,available,,5.0,-140000.0,False
150.0,6,available,,4.0,-140000.0,False
150.0,7,available,,4.0,-140000.0,False
150.0,8,available,,4.0,-140000.0,False
150.0,9,available,,4.0,-140000.0,False
150.0,10,available,,4.0,-140000.0,False
150.0,11,available,,4.0,-140000.0,False
150.0,12,assigned,4,23.998365727078877,-128000.0239967556,False
150.0,13,assigned,4,24.911984518666873,-128000.02382431545,False
150.0,14,assigned,4,29.48007842111751,-128000.02297144209,False
150.0,15,assigned,4,31.30731595645343,-128000.02263464543,False
150.0,16,assigned,4,25.82560330653766,-128000.02365249718,False
150.0,17,assigned,4,30.393697190603778,-128000.02280273286,False
150.0,18,assigned,4,30.393697190603778,-128000.02280273286,False
150.0,19,assigned,5,23.537673619032063,-128000.01139561576,False
150.0,20,assigned,5,23.537673619032063,-128000.01139561576,False
150.0,21,assigned,5,23.537673619032063,-128000.01139561576,False
150.0,22,assigned,5,23.537673619032063,-128000.01139561576,False
150.0,23,assigned,5,23.537673619032063,-128000.01139561576,False
150.0,24,assigned,3,23.537673619032063,-128000.01139561576,False
150.0,25,assigned,3,3.952082664524654,-128000.00038707498,False
150.0,26,assigned,3,3.952082664524654,-128000.00038707498,False
150.0,27,assigned,3,3.952082664524654,-128000.00038707498,False
150.0,28,assigned,3,3.952082664524654,-128000.00038707498,False
150.0,29,assigned,0,3.952082664524654,-128000.00038707498,False
150.0,30,assigned,0,-139.46989483918972,-128000.89392621661,False
150.0,31,assigned,0,-139.46989483918972,-128000.89392621661,False
150.0,32,assigned,0,-139.46989483918972,-128000.89392621661,False
150.0,33,assigned,2,-139.46989483918972,-128000.89392621661,False
150.0,34,assigned,2,-25.886321840434526,-128000.04506300815,False
150.0,35,assigned,2,-25.886321840434526,-128000.04506300815,False
150.0,36,assigned,2,-25.886321840434526,-128000.04506300815,False
150.0,37,assigned,1,-25.886321840434526,-128000.04506300815,False
150.0,38,assigned,1,91.4701812383825,-128000.29730416281,False
150.0,39,assigned,1,91.4701812383825,-128000.29730416281,False
150.0,40,available,,91.4701812383825,-128000.29730416281,False
150.0,41,available,,7.0,-140000.0,False
180.0,1,en_route,4,35.13451570791785,-125600.02423571255,False
180.0,2,en_route,5,24.375565142350748,-125600.0160823672,False
180.0,3,en_route,3,3.193500112798307,-125600.000992422,False
180.0,4,available,,10.0,-140000.0,False
180.0,5,available,,5.0,-140000.0,False
180.0,6,available,,4.0,-140000.0,False
180.0,7,available,,4.0,-140000.0,False
180.0,8,available,,4.0,-140000.0,False
180.0,9,available,,4.0,-140000.0,False
180.0,10,available,,4.0,-140000.0,False
180.0,11,available,,4.0,-140000.0,False
180.0,12,en_route,4,27.067368131403843,-125600.02595900134,False
180.0,13,en_route,4,27.963717878708067,-125600.0257645405,False
180.0,14,en_route,4,32.44546655281085,-125600.02480342753,False
180.0,15,en_route,4,34.23816599362416,-125600.02442420484,False
180.0,16,en_route,4,28.86006762182957,-125600.0255708258,False
180.0,17,en_route,4,33.34181627526052,-125600.02461344315,False
180.0,18,en_route,4,33.34181627526052,-125600.02461344315,False
180.0,19,en_route,5,27.963882860839394,-125600.01547714595,False
180.0,20,en_route,5,27.963882860839394,-125600.01547714595,False
180.0,21,en_route,5,27.963882860839394,-125600.01547714595,False
180.0,22,en_route,5,27.963882860839394,-125600.01547714595,False
180.0,23,en_route,5,27.963882860839394,-125600.01547714595,False
180.0,24,en_route,3,21.516554365989073,-125600.01224664153,False
180.0,25,en_route,3,2.2956734458228523,-125600.00095867744,False
180.0,26,en_route,3,2.2956734458228523,-125600.00095867744,False
180.0,27,en_route,3,2.2956734458228523,-125600.00095867744,False
180.0,28,en_route,3,2.2956734458228523,-125600.00095867744,False
180.0,29,en_route,0,-28.734068002969607,-125600.22297748998,False
180.0,30,en_route,0,-169.44838201024788,-125601.08116470647,False
180.0,31,en_route,0,-169.44838201024788,-125601.08116470647,False
180.0,32,en_route,0,-169.44838201024788,-125601.08116470647,False
180.0,33,en_route,2,-117.59203741079043,-125600.99364508943,False
180.0,34,en_route,2,-6.148233373877915,-125600.12622940904,False
180.0,35,en_route,2,-6.148233373877915,-125600.12622940904,False
180.0,36,en_route,2,-6.148233373877915,-125600.12622940904,False
180.0,37,en_route,1,-34.85518185049243,-125600.06182149371,False
180.0,38,en_route,1,80.29668612902125,-125600.32331409396,False
180.0,39,en_route,1,80.29668612902125,-125600.32331409396,False
180.0,40,available,,91.4701812383825,-128000.29730416281,False
180.0,41,available,,7.0,-140000.0,False
210.0,1,assigned,4,38.04809669715583,-123200.02600424533,False
210.0,2,assigned,5,28.8703844290272,-123200.02029141266,False
210.0,3,assigned,3,1.520054911086799,-123200.00157584267,False
210.0,4,available,,10.0,-140000.0,False
210.0,5,available,,5.0,-140000.0,False
210.0,6,available,,4.0,-140000.0,False
210.0,7,available,,4.0,-140000.0,False
210.0,8,available,,4.0,-140000.0,False
210.0,9,available,,4.0,-140000.0,False
210.0,10,available,,4.0,-140000.0,False
210.0,11,damaged,,4.0,-140000.0,True
210.0,12,assigned,4,30.13637053572881,-123200.02792124709,False
210.0,13,assigned,4,31.01545123874926,-123200.02770476557,False
210.0,14,assigned,4,35.41085468450419,-123200.02663541297,False
210.0,15,assigned,4,37.169016030794886,-123200.02621376424,False
210.0,16,assigned,4,31.894531937121485,-123200.02748915442,False
210.0,17,assigned,4,36.28993535991726,-123200.02642415345,False
210.0,18,assigned,4,36.28993535991726,-123200.02642415345,False
210.0,19,assigned,5,32.390092102646726,-123200.01955867614,False
210.0,20,assigned,5,32.390092102646726,-123200.01955867614,False
210.0,21,assigned,5,32.390092102646726,-123200.01955867614,False
210.0,22,assigned,5,32.390092102646726,-123200.01955867614,False
210.0,23,assigned,5,32.390092102646726,-123200.01955867614,False
210.0,24,assigned,3,19.495435112946083,-123200.01309766731,False
210.0,25,assigned,3,0.6392642271210505,-123200.0015302799,False
210.0,26,assigned,3,0.6392642271210505,-123200.0015302799,False
210.0,27,assigned,3,0.6392642271210505,-123200.0015302799,False
210.0,28,assigned,3,0.6392642271210505,-123200.0015302799,False
210.0,29,assigned,0,-61.42021867046387,-123200.44556790497,False
210.0,30,assigned,0,-199.42686918130605,-123201.26840319633,False
210.0,31,assigned,0,-199.42686918130605,-123201.26840319633,False
210.0,32,assigned,0,-199.42686918130605,-123201.26840319633,False
210.0,33,assigned,2,-95.71417998239113,-123201.09336396225,False
210.0,34,assigned,2,13.5898550926787,-123200.20739580994,False
210.0,35,assigned,2,13.5898550926787,-123200.20739580994,False
210.0,36,assigned,2,13.5898550926787,-123200.20739580994,False
210.0,37,assigned,1,-43.824041860550324,-123200.07857997928,False
210.0,38,assigned,1,69.12319101966001,-123200.3493240251,False
210.0,39,assigned,1,69.12319101966001,-123200.3493240251,False
210.0,40,available,,91.4701812383825,-128000.29730416281,False
210.0,41,available,,7.0,-140000.0,False
240.0,1,en_route,4,40.961677686393806,-120800.0277727781,False
240.0,2,en_route,5,33.36520371570365,-120800.02450045811,False
240.0,3,en_route,3,-0.1533902906247091,-120800.00215926334,False
240.0,4,available,,10.0,-140000.0,False
240.0,5,available,,5.0,-140000.0,False
240.0,6,available,,4.0,-140000.0,False
240.0,7,available,,4.0,-140000.0,False
240.0,8,available,,4.0,-140000.0,False
240.0,9,available,,4.0,-140000.0,False
240.0,10,available,,4.0,-140000.0,False
240.0,11,damaged,,4.0,-140000.0,True
240.0,12,en_route,4,33.20537294005377,-120800.02988349284,False
240.0,13,en_route,4,34.067184598790455,-120800.02964499063,False
240.0,14,en_route,4,38.376242816197525,-120800.02846739841,False
240.0,15,en_route,4,40.099866067965614,-120800.02800332365,False
240.0,16,en_route,4,34.9289962524134,-120800.02940748305,False
240.0,17,en_route,4,39.238054444574,-120800.02823486374,False
240.0,18,en_route,4,39.238054444574,-120800.02823486374,False
240.0,19,en_route,5,36.81630134445406,-120800.02364020633,False
240.0,20,en_route,5,36.81630134445406,-120800.02364020633,False
240.0,21,en_route,5,36.81630134445406,-120800.02364020633,False
240.0,22,en_route,5,36.81630134445406,-120800.02364020633,False
240.0,23,en_route,5,36.81630134445406,-120800.02364020633,False
240.0,24,en_route,3,17.474315859903093,-120800.01394869309,False
240.0,25,en_route,3,-1.0171449915807513,-120800.00210188236,False
240.0,26,en_route,3,-1.0171449915807513,-120800.00210188236,False
240.0,27,en_route,3,-1.0171449915807513,-120800.00210188236,False
240.0,28,en_route,3,-1.0171449915807513,-120800.00210188236,False
240.0,29,en_route,0,-94.10636933795813,-120800.66815831997,False
240.0,30,en_route,0,-229.4053563523642,-120801.45564168619,False
240.0,31,en_route,0,-229.4053563523642,-120801.45564168619,False
240.0,32,en_route,0,-229.4053563523642,-120801.45564168619,False
240.0,33,en_route,2,-73.83632255399183,-120801.19308283507,False
240.0,34,en_route,2,33.327943559235315,-120800.28856221083,False
240.0,35,en_route,2,33.327943559235315,-120800.28856221083,False
240.0,36,en_route,2,33.327943559235315,-120800.28856221083,False
240.0,37,en_route,1,-52.79290187060822,-120800.09533846485,False
240.0,38,en_route,1,57.94969591029878,-120800.37533395624,False
240.0,39,en_route,1,57.94969591029878,-120800.37533395624,False
240.0,40,available,,91.4701812383825,-128000.29730416281,False
240.0,41,available,,7.0,-140000.0,False
270.0,1,en_route,4,43.875258675631784,-118400.02954131088,False
270.0,2,en_route,5,37.8600230023801,-118400.02870950356,False
270.0,3,en_route,3,-1.8268354923362164,-118400.00274268401,False
270.0,4,available,,10.0,-140000.0,False
270.0,5,available,,5.0,-140000.0,False
270.0,6,available,,4.0,-140000.0,False
270.0,7,available,,4.0,-140000.0,False
270.0,8,available,,4.0,-140000.0,False
270.0,9,available,,4.0,-140000.0,False
270.0,10,available,,4.0,-140000.0,False
270.0,11,damaged,,4.0,-140000.0,True
270.0,12,en_route,4,36.27437534437873,-118400.03184573859,False
270.0,13,en_route,4,37.11891795883165,-118400.0315852157,False
270.0,14,en_route,4,41.34163094789086,-118400.03029938386,False
270.0,15,en_route,4,43.03071610513634,-118400.02979288306,False
270.0,16,en_route,4,37.96346056770531,-118400.03132581167,False
270.0,17,en_route,4,42.186173529230736,-118400.03004557404,False
270.0,18,en_route,4,42.186173529230736,-118400.03004557404,False
270.0,19,en_route,5,41.24251058626139,-118400.02772173652,False
270.0,20,en_route,5,41.24251058626139,-118400.02772173652,False
270.0,21,en_route,5,41.24251058626139,-118400.02772173652,False
270.0,22,en_route,5,41.24251058626139,-118400.02772173652,False
270.0,23,en_route,5,41.24251058626139,-118400.02772173652,False
270.0,24,en_route,3,15.453196606860104,-118400.01479971888,False
270.0,25,en_route,3,-2.6735542102825534,-118400.00267348482,False
270.0,26,en_route,3,-2.6735542102825534,-118400.00267348482,False
270.0,27,en_route,3,-2.6735542102825534,-118400.00267348482,False
270.0,28,en_route,3,-2.6735542102825534,-118400.00267348482,False
270.0,29,en_route,0,-126.79252000545239,-118400.89074873496,False
270.0,30,en_route,0,-259.38384352342234,-118401.64288017605,False
270.0,31,en_route,0,-259.38384352342234,-118401.64288017605,False
270.0,32,en_route,0,-259.38384352342234,-118401.64288017605,False
270.0,33,en_route,2,-51.95846512559254,-118401.2928017079,False
270.0,34,en_route,2,53.06603202579193,-118400.36972861172,False
270.0,35,en_route,2,53.06603202579193,-118400.36972861172,False
270.0,36,en_route,2,53.06603202579193,-118400.36972861172,False
270.0,37,en_route,1,-61.761761880666114,-118400.11209695041,False
270.0,38,en_route,1,46.776200800937545,-118400.40134388738,False
270.0,39,en_route,1,46.776200800937545,-118400.40134388738,False
270.0,40,available,,91.4701812383825,-128000.29730416281,False
270.0,41,available,,7.0,-140000.0,False
300.0,1,en_route,4,46.78883966486976,-116000.03130984366,False
300.0,2,en_route,5,42.354842289056556,-116000.03291854901,False
300.0,3,en_route,3,-3.5002806940477242,-116000.00332610468,False
300.0,4,available,,10.0,-140000.0,False
300.0,5,available,,5.0,-140000.0,False
300.0,6,available,,4.0,-140000.0,False
300.0,7,available,,4.0,-140000.0,False
300.0,8,available,,4.0,-140000.0,False
300.0,9,available,,4.0,-140000.0,False
300.0,10,available,,4.0,-140000.0,False
300.0,11,damaged,,4.0,-140000.0,True
300.0,12,en_route,4,39.343377748703695,-116000.03380798433,False
300.0,13,en_route,4,40.17065131887284,-116000.03352544075,False
300.0,14,en_route,4,44.3070190795842,-116000.0321313693,False
300.0,15,en_route,4,45.96156614230706,-116000.03158244246,False
300.0,16,en_route,4,40.997924882997225,-116000.03324414029,False
300.0,17,en_route,4,45.134292613887474,-116000.03185628433,False
300.0,18,en_route,4,45.134292613887474,-116000.03185628433,False
300.0,19,en_route,5,45.66871982806872,-116000.03180326671,False
300.0,20,en_route,5,45.66871982806872,-116000.03180326671,False
300.0,21,en_route,5,45.66871982806872,-116000.03180326671,False
300.0,22,en_route,5,45.66871982806872,-116000.03180326671,False
300.0,23,en_route,5,45.66871982806872,-116000.03180326671,False
300.0,24,en_route,3,13.432077353817114,-116000.01565074467,False
300.0,25,en_route,3,-4.329963428984355,-116000.00324508728,False
300.0,26,en_route,3,-4.329963428984355,-116000.00324508728,False
300.0,27,en_route,3,-4.329963428984355,-116000.00324508728,False
300.0,28,en_route,3,-4.329963428984355,-116000.00324508728,False
300.0,29,en_route,0,-159.47867067294663,-116001.11333914996,False
300.0,30,en_route,0,-289.3623306944805,-116001.83011866591,False
300.0,31,en_route,0,-289.3623306944805,-116001.83011866591,False
300.0,32,en_route,0,-289.3623306944805,-116001.83011866591,False
300.0,33,en_route,2,-30.080607697193248,-116001.39252058072,False
300.0,34,en_route,2,72.80412049234855,-116000.45089501262,False
300.0,35,en_route,2,72.80412049234855,-116000.45089501262,False
300.0,36,en_route,2,72.80412049234855,-116000.45089501262,False
300.0,37,en_route,1,-70.73062189072401,-116000.12885543598,False
300.0,38,en_route,1,35.60270569157631,-116000.42735381852,False
300.0,39,en_route,1,35.60270569157631,-116000.42735381852,False
300.0,40,available,,91.4701812383825,-128000.29730416281,False
300.0,41,available,,7.0,-140000.0,False
330.0,1,en_route,4,49.70242065410774,-113600.03307837644,False
330.0,2,en_route,5,46.84966157573301,-113600.03712759446,False
330.0,3,en_route,3,-5.173725895759231,-113600.00390952535,False
330.0,4,available,,10.0,-140000.0,False
330.0,5,available,,5.0,-140000.0,False
330.0,6,available,,4.0,-140000.0,False
330.0,7,available,,4.0,-140000.0,False
330.0,8,available,,4.0,-140000.0,False
330.0,9,available,,4.0,-140000.0,False
330.0,10,available,,4.0,-140000.0,False
330.0,11,damaged,,4.0,-140000.0,True
330.0,12,en_route,4,42.41238015302866,-113600.03577023008,False
330.0,13,en_route,4,43.22238467891403,-113600.03546566582,False
330.0,14,en_route,4,47.27240721127754,-113600.03396335474,False
330.0,15,en_route,4,48.89241617947779,-113600.03337200187,False
330.0,16,en_route,4,44.03238919828914,-113600.0351624689,False
330.0,17,en_route,4,48.08241169854421,-113600.03366699463,False
330.0,18,en_route,4,48.08241169854421,-113600.03366699463,False
330.0,19,en_route,5,50.094929069876045,-113600.0358847969,False
330.0,20,en_route,5,50.094929069876045,-113600.0358847969,False
330.0,21,en_route,5,50.094929069876045,-113600.0358847969,False
330.0,22,en_route,5,50.094929069876045,-113600.0358847969,False
330.0,23,en_route,5,50.094929069876045,-113600.0358847969,False
330.0,24,en_route,3,11.410958100774126,-113600.01650177046,False
330.0,25,en_route,3,-5.9863726476861565,-113600.00381668974,False
330.0,26,en_route,3,-5.9863726476861565,-113600.00381668974,False
330.0,27,en_route,3,-5.9863726476861565,-113600.00381668974,False
330.0,28,en_route,3,-5.9863726476861565,-113600.00381668974,False
330.0,29,en_route,0,-192.16482134044088,-113601.33592956496,False
330.0,30,en_route,0,-319.3408178655386,-113602.01735715577,False
330.0,31,en_route,0,-319.3408178655386,-113602.01735715577,False
330.0,32,en_route,0,-319.3408178655386,-113602.01735715577,False
330.0,33,en_route,2,-8.202750268793952,-113601.49223945354,False
330.0,34,en_route,2,92.54220895890516,-113600.53206141351,False
330.0,35,en_route,2,92.54220895890516,-113600.53206141351,False
330.0,36,en_route,2,92.54220895890516,-113600.53206141351,False
330.0,37,en_route,1,-79.6994819007819,-113600.14561392154,False
330.0,38,en_route,1,24.42921058221508,-113600.45336374966,False
330.0,39,en_route,1,24.42921058221508,-113600.45336374966,False
330.0,40,available,,91.4701812383825,-128000.29730416281,False
330.0,41,available,,7.0,-140000.0,False
360.0,1,en_route,4,52.61600164334572,-111200.03484690921,False
360.0,2,en_route,5,51.34448086240946,-111200.04133663992,False
360.0,3,en_route,3,-6.847171097470739,-111200.00449294601,False
360.0,4,available,,10.0,-140000.0,False
360.0,5,available,,5.0,-140000.0,False
360.0,6,available,,4.0,-140000.0,False
360.0,7,available,,4.0,-140000.0,False
360.0,8,available,,4.0,-140000.0,False
360.0,9,available,,4.0,-140000.0,False
360.0,10,available,,4.0,-140000.0,False
360.0,11,damaged,,4.0,-140000.0,True
360.0,12,en_route,4,45.48138255735362,-111200.03773247583,False
360.0,13,en_route,4,46.27411803895522,-111200.03740589088,False
360.0,14,en_route,4,50.23779534297088,-111200.03579534018,False
360.0,15,en_route,4,51.82326621664852,-111200.03516156127,False
360.0,16,en_route,4,47.06685351358105,-111200.03708079753,False
360.0,17,en_route,4,51.03053078320095,-111200.03547770492,False
360.0,18,en_route,4,51.03053078320095,-111200.03547770492,False
360.0,19,en_route,5,54.52113831168337,-111200.0399663271,False
360.0,20,en_route,5,54.52113831168337,-111200.0399663271,False
360.0,21,en_route,5,54.52113831168337,-111200.0399663271,False
360.0,22,en_route,5,54.52113831168337,-111200.0399663271,False
360.0,23,en_route,5,54.52113831168337,-111200.0399663271,False
360.0,24,en_route,3,9.389838847731138,-111200.01735279625,False
360.0,25,en_route,3,-7.642781866387959,-111200.0043882922,False
360.0,26,en_route,3,-7.642781866387959,-111200.0043882922,False
360.0,27,en_route,3,-7.642781866387959,-111200.0043882922,False
360.0,28,en_route,3,-7.642781866387959,-111200.0043882922,False
360.0,29,en_route,0,-224.85097200793513,-111201.55851997995,False
360.0,30,en_route,0,-349.31930503659675,-111202.20459564563,False
360.0,31,en_route,0,-349.31930503659675,-111202.20459564563,False
360.0,32,en_route,0,-349.31930503659675,-111202.20459564563,False
360.0,33,en_route,2,13.675107159605343,-111201.59195832636,False
360.0,34,en_route,2,112.28029742546178,-111200.6132278144,False
360.0,35,en_route,2,112.28029742546178,-111200.6132278144,False
360.0,36,en_route,2,112.28029742546178,-111200.6132278144,False
360.0,37,en_route,1,-88.6683419108398,-111200.16237240711,False
360.0,38,en_route,1,13.255715472853849,-111200.4793736808,False
360.0,39,en_route,1,13.255715472853849,-111200.4793736808,False
360.0,40,available,,91.4701812383825,-128000.29730416281,False
360.0,41,available,,7.0,-140000.0,False
390.0,1,en_route,4,55.5295826325837,-108800.03661544199,False
390.0,2,en_route,5,55.839300149085915,-108800.04554568537,False
390.0,3,en_route,3,-8.520616299182247,-108800.00507636668,False
390.0,4,available,,10.0,-140000.0,False
390.0,5,available,,5.0,-140000.0,False
390.0,6,available,,4.0,-140000.0,False
390.0,7,available,,4.0,-140000.0,False
390.0,8,available,,4.0,-140000.0,False
390.0,9,available,,4.0,-140000.0,False
390.0,10,available,,4.0,-140000.0,False
390.0,11,damaged,,4.0,-140000.0,True
390.0,12,en_route,4,48.55038496167859,-108800.03969472158,False
390.0,13,en_route,4,49.32585139899641,-108800.03934611594,False
390.0,14,en_route,4,53.203183474664215,-108800.03762732563,False
390.0,15,en_route,4,54.75411625381925,-108800.03695112068,False
390.0,16,en_route,4,50.101317828872965,-108800.03899912615,False
390.0,17,en_route,4,53.97864986785769,-108800.03728841522,False
390.0,18,en_route,4,53.97864986785769,-108800.03728841522,False
390.0,19,en_route,5,58.9473475534907,-108800.04404785729,False
390.0,20,en_route,5,58.9473475534907,-108800.04404785729,False
390.0,21,en_route,5,58.9473475534907,-108800.04404785729,False
390.0,22,en_route,5,58.9473475534907,-108800.04404785729,False
390.0,23,en_route,5,58.9473475534907,-108800.04404785729,False
390.0,24,en_route,3,7.368719594688149,-108800.01820382202,False
390.0,25,en_route,3,-9.299191085089761,-108800.00495989466,False
390.0,26,en_route,3,-9.299191085089761,-108800.00495989466,False
390.0,27,en_route,3,-9.299191085089761,-108800.00495989466,False
390.0,28,en_route,3,-9.299191085089761,-108800.00495989466,False
390.0,29,en_route,0,-257.5371226754294,-108801.78111039495,False
390.0,30,en_route,0,-379.2977922076549,-108802.39183413549,False
390.0,31,en_route,0,-379.2977922076549,-108802.39183413549,False
390.0,32,en_route,0,-379.2977922076549,-108802.39183413549,False
390.0,33,en_route,2,35.552964588004635,-108801.69167719918,False
390.0,34,en_route,2,132.0183858920184,-108800.6943942153,False
390.0,35,en_route,2,132.0183858920184,-108800.6943942153,False
390.0,36,en_route,2,132.0183858920184,-108800.6943942153,False
390.0,37,en_route,1,-97.6372019208977,-108800.17913089268,False
390.0,38,en_route,1,2.082220363492617,-108800.50538361195,False
390.0,39,en_route,1,2.082220363492617,-108800.50538361195,False
390.0,40,available,,91.4701812383825,-128000.29730416281,False
390.0,41,available,,7.0,-140000.0,False
420.0,1,en_route,4,58.443163621821675,-106400.03838397477,False
420.0,2,en_route,5,60.33411943576237,-106400.04975473082,False
420.0,3,en_route,3,-10.194061500893755,-106400.00565978735,False
420.0,4,available,,10.0,-140000.0,False
420.0,5,available,,5.0,-140000.0,False
420.0,6,available,,4.0,-140000.0,False
420.0,7,available,,4.0,-140000.0,False
420.0,8,available,,4.0,-140000.0,False
420.0,9,available,,4.0,-140000.0,False
420.0,10,available,,4.0,-140000.0,False
420.0,11,damaged,,4.0,-140000.0,True
420.0,12,en_route,4,51.61938736600355,-106400.04165696733,False
420.0,13,en_route,4,52.3775847590376,-106400.041286341,False
420.0,14,en_route,4,56.16857160635755,-106400.03945931107,False
420.0,15,en_route,4,57.684966290989976,-106400.03874068009,False
420.0,16,en_route,4,53.13578214416488,-106400.04091745477,False
420.0,17,en_route,4,56.92676895251443,-106400.03909912551,False
420.0,18,en_route,4,56.92676895251443,-106400.03909912551,False
420.0,19,en_route,5,63.37355679529803,-106400.04812938748,False
420.0,20,en_route,5,63.37355679529803,-106400.04812938748,False
420.0,21,en_route,5,63.37355679529803,-106400.04812938748,False
420.0,22,en_route,5,63.37355679529803,-106400.04812938748,False
420.0,23,en_route,5,63.37355679529803,-106400.04812938748,False
420.0,24,en_route,3,5.34760034164516,-106400.01905484781,False
420.0,25,en_route,3,-10.955600303791563,-106400.00553149713,False
420.0,26,en_route,3,-10.955600303791563,-106400.00553149713,False
420.0,27,en_route,3,-10.955600303791563,-106400.00553149713,False
420.0,28,en_route,3,-10.955600303791563,-106400.00553149713,False
420.0,29,en_route,0,-290.2232733429236,-106402.00370080995,False
420.0,30,en_route,0,-409.276279378713,-106402.57907262535,False
420.0,31,en_route,0,-409.276279378713,-106402.57907262535,False
420.0,32,en_route,0,-409.276279378713,-106402.57907262535,False
420.0,33,en_route,2,57.43082201640392,-106401.791396072,False
420.0,34,en_route,2,151.756474358575,-106400.7755606162,False
420.0,35,en_route,2,151.756474358575,-106400.7755606162,False
420.0,36,en_route,2,151.756474358575,-106400.7755606162,False
420.0,37,en_route,1,-106.60606193095559,-106400.19588937824,False
420.0,38,en_route,1,-9.091274745868617,-106400.53139354309,False
420.0,39,en_route,1,-9.091274745868617,-106400.53139354309,False
420.0,40,available,,91.4701812383825,-128000.29730416281,False
420.0,41,available,,7.0,-140000.0,False
450.0,1,en_route,4,61.35674461105965,-104000.04015250754,False
450.0,2,en_route,5,64.82893872243882,-104000.05396377627,False
450.0,3,en_route,3,-11.867506702605262,-104000.00624320802,False
450.0,4,available,,10.0,-140000.0,False
450.0,5,available,,5.0,-140000.0,False
450.0,6,available,,4.0,-140000.0,False
450.0,7,available,,4.0,-140000.0,False
450.0,8,available,,4.0,-140000.0,False
450.0,9,available,,4.0,-140000.0,False
450.0,10,available,,4.0,-140000.0,False
450.0,11,damaged,,4.0,-140000.0,True
450.0,12,en_route,4,54.68838977032851,-104000.04361921307,False
450.0,13,en_route,4,55.42931811907879,-104000.04322656606,False
450.0,14,en_route,4,59.13395973805089,-104000.04129129651,False
450.0,15,en_route,4,60.615816328160705,-104000.0405302395,False
450.0,16,en_route,4,56.17024645945679,-104000.04283578339,False
450.0,17,en_route,4,59.87488803717117,-104000.0409098358,False
450.0,18,en_route,4,59.87488803717117,-104000.0409098358,False
450.0,19,en_route,5,67.79976603710536,-104000.05221091767,False
450.0,20,en_route,5,67.79976603710536,-104000.05221091767,False
450.0,21,en_route,5,67.79976603710536,-104000.05221091767,False
450.0,22,en_route,5,67.79976603710536,-104000.05221091767,False
450.0,23,en_route,5,67.79976603710536,-104000.05221091767,False
450.0,24,en_route,3,3.3264810886021716,-104000.0199058736,False
450.0,25,en_route,3,-12.612009522493366,-104000.00610309959,False
450.0,26,en_route,3,-12.612009522493366,-104000.00610309959,False
450.0,27,en_route,3,-12.612009522493366,-104000.00610309959,False
450.0,28,en_route,3,-12.612009522493366,-104000.00610309959,False
450.0,29,en_route,0,-322.90942401041787,-104002.22629122494,False
450.0,30,en_route,0,-439.25476654977115,-104002.7663111152,False
450.0,31,en_route,0,-439.25476654977115,-104002.7663111152,False
450.0,32,en_route,0,-439.25476654977115,-104002.7663111152,False
450.0,33,en_route,2,79.3086794448032,-104001.89111494482,False
450.0,34,en_route,2,171.4945628251316,-104000.85672701709,False
450.0,35,en_route,2,171.4945628251316,-104000.85672701709,False
450.0,36,en_route,2,171.4945628251316,-104000.85672701709,False
450.0,37,en_route,1,-115.57492194101349,-104000.21264786381,False
450.0,38,en_route,1,-20.26476985522985,-104000.55740347423,False
450.0,39,en_route,1,-20.26476985522985,-104000.55740347423,False
450.0,40,available,,91.4701812383825,-128000.29730416281,False
450.0,41,available,,7.0,-140000.0,False
480.0,1,en_route,4,64.27032560029762,-101600.04192104032,False
480.0,2,en_route,5,69.32375800911527,-101600.05817282172,False
480.0,3,en_route,3,-13.540951904316769,-101600.00682662868,False
480.0,4,available,,10.0,-140000.0,False
480.0,5,available,,5.0,-140000.0,False
480.0,6,available,,4.0,-140000.0,False
480.0,7,available,,4.0,-140000.0,False
480.0,8,available,,4.0,-140000.0,False
480.0,9,available,,4.0,-140000.0,False
480.0,10,available,,4.0,-140000.0,False
480.0,11,damaged,,4.0,-140000.0,True
480.0,12,en_route,4,57.75739217465348,-101600.04558145882,False
480.0,13,en_route,4,58.481051479119984,-101600.04516679113,False
480.0,14,en_route,4,62.09934786974423,-101600.04312328195,False
480.0,15,en_route,4,63.54666636533143,-101600.0423197989,False
480.0,16,en_route,4,59.204710774748705,-101600.04475411201,False
480.0,17,en_route,4,62.82300712182791,-101600.0427205461,False
480.0,18,en_route,4,62.82300712182791,-101600.0427205461,False
480.0,19,en_route,5,72.22597527891268,-101600.05629244786,False
480.0,20,en_route,5,72.22597527891268,-101600.05629244786,False
480.0,21,en_route,5,72.22597527891268,-101600.05629244786,False
480.0,22,en_route,5,72.22597527891268,-101600.05629244786,False
480.0,23,en_route,5,72.22597527891268,-101600.05629244786,False
480.0,24,en_route,3,1.3053618355591832,-101600.02075689938,False
480.0,25,en_route,3,-14.268418741195168,-101600.00667470205,False
480.0,26,en_route,3,-14.268418741195168,-101600.00667470205,False
480.0,27,en_route,3,-14.268418741195168,-101600.00667470205,False
480.0,28,en_route,3,-14.268418741195168,-101600.00667470205,False
480.0,29,en_route,0,-355.5955746779121,-101602.44888163994,False
480.0,30,en_route,0,-469.2332537208293,-101602.95354960507,False
480.0,31,en_route,0,-469.2332537208293,-101602.95354960507,False
480.0,32,en_route,0,-469.2332537208293,-101602.95354960507,False
480.0,33,en_route,2,101.1865368732025,-101601.99083381765,False
480.0,34,en_route,2,191.2326512916882,-101600.93789341798,False
480.0,35,en_route,2,191.2326512916882,-101600.93789341798,False
480.0,36,en_route,2,191.2326512916882,-101600.93789341798,False
480.0,37,en_route,1,-124.54378195107138,-101600.22940634938,False
480.0,38,en_route,1,-31.438264964591085,-101600.58341340537,False
480.0,39,en_route,1,-31.438264964591085,-101600.58341340537,False
480.0,40,available,,91.4701812383825,-128000.29730416281,False
480.0,41,available,,7.0,-140000.0,False
510.0,1,en_route,4,67.1839065895356,-99200.0436895731,False
510.0,2,en_route,5,73.81857729579171,-99200.06238186717,False
510.0,3,en_route,3,-15.214397106028276,-99200.00741004935,False
510.0,4,available,,10.0,-140000.0,False
510.0,5,available,,5.0,-140000.0,False
510.0,6,available,,4.0,-140000.0,False
510.0,7,available,,4.0,-140000.0,False
510.0,8,available,,4.0,-140000.0,False
510.0,9,available,,4.0,-140000.0,False
510.0,10,available,,4.0,-140000.0,False
510.0,11,damaged,,4.0,-140000.0,True
510.0,12,en_route,4,60.82639457897845,-99200.04754370457,False
510.0,13,en_route,4,61.532784839161174,-99200.04710701619,False
510.0,14,en_route,4,65.06473600143757,-99200.0449552674,False
510.0,15,en_route,4,66.47751640250216,-99200.0441093583,False
510.0,16,en_route,4,62.23917509004062,-99200.04667244063,False
510.0,17,en_route,4,65.77112620648465,-99200.0445312564,False
510.0,18,en_route,4,65.77112620648465,-99200.0445312564,False
510.0,19,en_route,5,76.65218452072001,-99200.06037397805,False
510.0,20,en_route,5,76.65218452072001,-99200.06037397805,False
510.0,21,en_route,5,76.65218452072001,-99200.06037397805,False
510.0,22,en_route,5,76.65218452072001,-99200.06037397805,False
510.0,23,en_route,5,76.65218452072001,-99200.06037397805,False
510.0,24,en_route,3,-0.7157574174838053,-99200.02160792515,False
510.0,25,en_route,3,-15.92482795989697,-99200.0072463045,False
510.0,26,en_route,3,-15.92482795989697,-99200.0072463045,False
510.0,27,en_route,3,-15.92482795989697,-99200.0072463045,False
510.0,28,en_route,3,-15.92482795989697,-99200.0072463045,False
510.0,29,en_route,0,-388.28172534540636,-99202.67147205494,False
510.0,30,en_route,0,-499.2117408918874,-99203.14078809493,False
510.0,31,en_route,0,-499.2117408918874,-99203.14078809493,False
510.0,32,en_route,0,-499.2117408918874,-99203.14078809493,False
510.0,33,en_route,2,123.0643943016018,-99202.09055269047,False
510.0,34,en_route,2,210.9707397582448,-99201.01905981888,False
510.0,35,en_route,2,210.9707397582448,-99201.01905981888,False
510.0,36,en_route,2,210.9707397582448,-99201.01905981888,False
510.0,37,en_route,1,-133.51264196112928,-99200.24616483494,False
510.0,38,en_route,1,-42.61176007395232,-99200.60942333651,False
510.0,39,en_route,1,-42.61176007395232,-99200.60942333651,False
510.0,40,available,,91.4701812383825,-128000.29730416281,False
510.0,41,available,,7.0,-140000.0,False
540.0,1,en_route,4,70.09748757877357,-96800.04545810587,False
540.0,2,en_route,5,78.31339658246816,-96800.06659091263,False
540.0,3,en_route,3,-16.887842307739785,-96800.00799347002,False
540.0,4,available,,10.0,-140000.0,False
540.0,5,available,,5.0,-140000.0,False
540.0,6,available,,4.0,-140000.0,False
540.0,7,available,,4.0,-140000.0,False
540.0,8,available,,4.0,-140000.0,False
540.0,9,available,,4.0,-140000.0,False
540.0,10,available,,4.0,-140000.0,False
540.0,11,damaged,,4.0,-140000.0,True
540.0,12,en_route,4,63.89539698330342,-96800.04950595032,False
540.0,13,en_route,4,64.58451819920236,-96800.04904724125,False
540.0,14,en_route,4,68.0301241331309,-96800.04678725284,False
540.0,15,en_route,4,69.40836643967289,-96800.04589891771,False
540.0,16,en_route,4,65.27363940533253,-96800.04859076925,False
540.0,17,en_route,4,68.71924529114139,-96800.04634196669,False
540.0,18,en_route,4,68.71924529114139,-96800.04634196669,False
540.0,19,en_route,5,81.07839376252734,-96800.06445550824,False
540.0,20,en_route,5,81.07839376252734,-96800.06445550824,False
540.0,21,en_route,5,81.07839376252734,-96800.06445550824,False
540.0,22,en_route,5,81.07839376252734,-96800.06445550824,False
540.0,23,en_route,5,81.07839376252734,-96800.06445550824,False
540.0,24,en_route,3,-2.736876670526794,-96800.02245895093,False
540.0,25,en_route,3,-17.581237178598773,-96800.00781790697,False
540.0,26,en_route,3,-17.581237178598773,-96800.00781790697,False
540.0,27,en_route,3,-17.581237178598773,-96800.00781790697,False
540.0,28,en_route,3,-17.581237178598773,-96800.00781790697,False
540.0,29,en_route,0,-420.9678760129006,-96802.89406246993,False
540.0,30,en_route,0,-529.1902280629456,-96803.32802658479,False
540.0,31,en_route,0,-529.1902280629456,-96803.32802658479,False
540.0,32,en_route,0,-529.1902280629456,-96803.32802658479,False
540.0,33,en_route,2,144.9422517300011,-96802.19027156329,False
540.0,34,en_route,2,230.70882822480144,-96801.10022621977,False
540.0,35,en_route,2,230.70882822480144,-96801.10022621977,False
540.0,36,en_route,2,230.70882822480144,-96801.10022621977,False
540.0,37,en_route,1,-142.48150197118719,-96800.26292332051,False
540.0,38,en_route,1,-53.78525518331355,-96800.63543326766,False
540.0,39,en_route,1,-53.78525518331355,-96800.63543326766,False
540.0,40,available,,91.4701812383825,-128000.29730416281,False
540.0,41,available,,7.0,-140000.0,False
570.0,1,en_route,4,73.01106856801154,-94400.04722663865,False
570.0,2,en_route,5,82.8082158691446,-94400.07079995808,False
570.0,3,en_route,3,-18.56128750945129,-94400.00857689069,False
570.0,4,available,,10.0,-140000.0,False
570.0,5,available,,5.0,-140000.0,False
570.0,6,available,,4.0,-140000.0,False
570.0,7,available,,4.0,-140000.0,False
570.0,8,available,,4.0,-140000.0,False
570.0,9,available,,4.0,-140000.0,False
570.0,10,available,,4.0,-140000.0,False
570.0,11,damaged,,4.0,-140000.0,True
570.0,12,en_route,4,66.96439938762839,-94400.05146819606,False
570.0,13,en_route,4,67.63625155924356,-94400.05098746631,False
570.0,14,en_route,4,70.99551226482423,-94400.04861923828,False
570.0,15,en_route,4,72.33921647684362,-94400.04768847712,False
570.0,16,en_route,4,68.30810372062444,-94400.05050909787,False
570.0,17,en_route,4,71.66736437579813,-94400.04815267699,False
570.0,18,en_route,4,71.66736437579813,-94400.04815267699,False
570.0,19,en_route,5,85.50460300433467,-94400.06853703843,False
570.0,20,en_route,5,85.50460300433467,-94400.06853703843,False
570.0,21,en_route,5,85.50460300433467,-94400.06853703843,False
570.0,22,en_route,5,85.50460300433467,-94400.06853703843,False
570.0,23,en_route,5,85.50460300433467,-94400.06853703843,False
570.0,24,en_route,3,-4.757995923569783,-94400.0233099767,False
570.0,25,en_route,3,-19.237646397300576,-94400.00838950943,False
570.0,26,en_route,3,-19.237646397300576,-94400.00838950943,False
570.0,27,en_route,3,-19.237646397300576,-94400.00838950943,False
570.0,28,en_route,3,-19.237646397300576,-94400.00838950943,False
570.0,29,en_route,0,-453.65402668039485,-94403.11665288493,False
570.0,30,en_route,0,-559.1687152340038,-94403.51526507465,False
570.0,31,en_route,0,-559.1687152340038,-94403.51526507465,False
570.0,32,en_route,0,-559.1687152340038,-94403.51526507465,False
570.0,33,en_route,2,166.82010915840038,-94402.28999043611,False
570.0,34,en_route,2,250.44691669135804,-94401.18139262067,False
570.0,35,en_route,2,250.44691669135804,-94401.18139262067,False
570.0,36,en_route,2,250.44691669135804,-94401.18139262067,False
570.0,37,en_route,1,-151.4503619812451,-94400.27968180607,False
570.0,38,en_route,1,-64.95875029267478,-94400.6614431988,False
570.0,39,en_route,1,-64.95875029267478,-94400.6614431988,False
570.0,40,available,,91.4701812383825,-128000.29730416281,False
570.0,41,available,,7.0,-140000.0,False
600.0,1,en_route,4,75.92464955724951,-92000.04899517143,False
600.0,2,en_route,5,87.30303515582105,-92000.07500900353,False
600.0,3,en_route,3,-20.234732711162795,-92000.00916031135,False
600.0,4,available,,10.0,-140000.0,False
600.0,5,available,,5.0,-140000.0,False
600.0,6,available,,4.0,-140000.0,False
600.0,7,available,,4.0,-140000.0,False
600.0,8,available,,4.0,-140000.0,False
600.0,9,available,,4.0,-140000.0,False
600.0,10,available,,4.0,-140000.0,False
600.0,11,damaged,,4.0,-140000.0,True
600.0,12,en_route,4,70.03340179195335,-92000.05343044181,False
600.0,13,en_route,4,70.68798491928476,-92000.05292769137,False
600.0,14,en_route,4,73.96090039651756,-92000.05045122372,False
600.0,15,en_route,4,75.27006651401435,-92000.04947803653,False
600.0,16,en_route,4,71.34256803591636,-92000.05242742649,False
600.0,17,en_route,4,74.61548346045487,-92000.04996338728,False
600.0,18,en_route,4,74.61548346045487,-92000.04996338728,False
600.0,19,en_route,5,89.930812246142,-92000.07261856862,False
600.0,20,en_route,5,89.930812246142,-92000.07261856862,False
600.0,21,en_route,5,89.930812246142,-92000.07261856862,False
600.0,22,en_route,5,89.930812246142,-92000.07261856862,False
600.0,23,en_route,5,89.930812246142,-92000.07261856862,False
600.0,24,en_route,3,-6.7791151766127715,-92000.0241610025,False
600.0,25,en_route,3,-20.89405561600238,-92000.00896111189,False
600.0,26,en_route,3,-20.89405561600238,-92000.00896111189,False
600.0,27,en_route,3,-20.89405561600238,-92000.00896111189,False
600.0,28,en_route,3,-20.89405561600238,-92000.00896111189,False
600.0,29,en_route,0,-486.3401773478891,-92003.33924329992,False
600.0,30,en_route,0,-589.147202405062,-92003.7025035645,False
600.0,31,en_route,0,-589.147202405062,-92003.7025035645,False
600.0,32,en_route,0,-589.147202405062,-92003.7025035645,False
600.0,33,en_route,2,188.69796658679968,-92002.38970930893,False
600.0,34,en_route,2,270.18500515791465,-92001.26255902156,False
600.0,35,en_route,2,270.18500515791465,-92001.26255902156,False
600.0,36,en_route,2,270.18500515791465,-92001.26255902156,False
600.0,37,en_route,1,-160.419221991303,-92000.29644029164,False
600.0,38,en_route,1,-76.132245402036,-92000.68745312994,False
600.0,39,en_route,1,-76.132245402036,-92000.68745312994,False
600.0,40,available,,91.4701812383825,-128000.29730416281,False
600.0,41,available,,7.0,-140000.0,False
630.0,1,en_route,4,78.83823054648748,-89600.0507637042,False
630.0,2,en_route,5,91.7978544424975,-89600.07921804898,False
630.0,3,en_route,3,-21.9081779128743,-89600.00974373202,False
630.0,4,available,,10.0,-140000.0,False
630.0,5,available,,5.0,-140000.0,False
630.0,6,available,,4.0,-140000.0,False
630.0,7,available,,4.0,-140000.0,False
630.0,8,available,,4.0,-140000.0,False
630.0,9,available,,4.0,-140000.0,False
630.0,10,available,,4.0,-140000.0,False
630.0,11,damaged,,4.0,-140000.0,True
630.0,12,en_route,4,73.10240419627831,-89600.05539268756,False
630.0,13,en_route,4,73.73971827932596,-89600.05486791643,False
630.0,14,en_route,4,76.92628852821089,-89600.05228320917,False
630.0,15,en_route,4,78.20091655118507,-89600.05126759593,False
630.0,16,en_route,4,74.37703235120827,-89600.05434575511,False
630.0,17,en_route,4,77.5636025451116,-89600.05177409758,False
630.0,18,en_route,4,77.5636025451116,-89600.05177409758,False
630.0,19,en_route,5,94.35702148794932,-89600.07670009881,False
630.0,20,en_route,5,94.35702148794932,-89600.07670009881,False
630.0,21,en_route,5,94.35702148794932,-89600.07670009881,False
630.0,22,en_route,5,94.35702148794932,-89600.07670009881,False
630.0,23,en_route,5,94.35702148794932,-89600.07670009881,False
630.0,24,en_route,3,-8.80023442965576,-89600.02501202829,False
630.0,25,en_route,3,-22.550464834704183,-89600.00953271435,False
630.0,26,en_route,3,-22.550464834704183,-89600.00953271435,False
630.0,27,en_route,3,-22.550464834704183,-89600.00953271435,False
630.0,28,en_route,3,-22.550464834704183,-89600.00953271435,False
630.0,29,en_route,0,-519.0263280153833,-89603.56183371492,False
630.0,30,en_route,0,-619.1256895761202,-89603.88974205437,False
630.0,31,en_route,0,-619.1256895761202,-89603.88974205437,False
630.0,32,en_route,0,-619.1256895761202,-89603.88974205437,False
630.0,33,en_route,2,210.57582401519895,-89602.48942818175,False
630.0,34,en_route,2,289.9230936244713,-89601.34372542246,False
630.0,35,en_route,2,289.9230936244713,-89601.34372542246,False
630.0,36,en_route,2,289.9230936244713,-89601.34372542246,False
630.0,37,en_route,1,-169.3880820013609,-89600.3131987772,False
630.0,38,en_route,1,-87.30574051139723,-89600.71346306108,False
630.0,39,en_route,1,-87.30574051139723,-89600.71346306108,False
630.0,40,available,,91.4701812383825,-128000.29730416281,False
630.0,41,available,,7.0,-140000.0,False
660.0,1,en_route,4,81.75181153572545,-87200.05253223698,False
660.0,2,en_route,5,96.29267372917394,-87200.08342709443,False
660.0,3,en_route,3,-23.581623114585806,-87200.01032715269,False
660.0,4,available,,10.0,-140000.0,False
660.0,5,available,,5.0,-140000.0,False
660.0,6,available,,4.0,-140000.0,False
660.0,7,available,,4.0,-140000.0,False
660.0,8,available,,4.0,-140000.0,False
660.0,9,available,,4.0,-140000.0,False
660.0,10,available,,4.0,-140000.0,False
660.0,11,damaged,,4.0,-140000.0,True
660.0,12,en_route,4,76.17140660060328,-87200.0573549333,False
660.0,13,en_route,4,76.79145163936715,-87200.0568081415,False
660.0,14,en_route,4,79.89167665990422,-87200.05411519461,False
660.0,15,en_route,4,81.1317665883558,-87200.05305715534,False
660.0,16,en_route,4,77.41149666650018,-87200.05626408373,False
660.0,17,en_route,4,80.51172162976835,-87200.05358480787,False
660.0,18,en_route,4,80.51172162976835,-87200.05358480787,False
660.0,19,en_route,5,98.78323072975665,-87200.080781629,False
660.0,20,en_route,5,98.78323072975665,-87200.080781629,False
660.0,21,en_route,5,98.78323072975665,-87200.080781629,False
660.0,22,en_route,5,98.78323072975665,-87200.080781629,False
660.0,23,en_route,5,98.78323072975665,-87200.080781629,False
660.0,24,en_route,3,-10.821353682698748,-87200.02586305406,False
660.0,25,en_route,3,-24.206874053405986,-87200.01010431681,False
660.0,26,en_route,3,-24.206874053405986,-87200.01010431681,False
660.0,27,en_route,3,-24.206874053405986,-87200.01010431681,False
660.0,28,en_route,3,-24.206874053405986,-87200.01010431681,False
660.0,29,en_route,0,-551.7124786828775,-87203.78442412992,False
660.0,30,en_route,0,-649.1041767471784,-87204.07698054423,False
660.0,31,en_route,0,-649.1041767471784,-87204.07698054423,False
660.0,32,en_route,0,-649.1041767471784,-87204.07698054423,False
660.0,33,en_route,2,232.4536814435982,-87202.58914705458,False
660.0,34,en_route,2,309.6611820910279,-87201.42489182335,False
660.0,35,en_route,2,309.6611820910279,-87201.42489182335,False
660.0,36,en_route,2,309.6611820910279,-87201.42489182335,False
660.0,37,en_route,1,-178.35694201141882,-87200.32995726277,False
660.0,38,en_route,1,-98.47923562075846,-87200.73947299222,False
660.0,39,en_route,1,-98.47923562075846,-87200.73947299222,False
660.0,40,available,,91.4701812383825,-128000.29730416281,False
660.0,41,available,,7.0,-140000.0,False
690.0,1,en_route,4,84.66539252496342,-84800.05430076976,False
690.0,2,en_route,5,100.78749301585039,-84800.08763613988,False
690.0,3,en_route,3,-25.25506831629731,-84800.01091057336,False
690.0,4,available,,10.0,-140000.0,False
690.0,5,available,,5.0,-140000.0,False
690.0,6,available,,4.0,-140000.0,False
690.0,7,available,,4.0,-140000.0,False
690.0,8,available,,4.0,-140000.0,False
690.0,9,available,,4.0,-140000.0,False
690.0,10,available,,4.0,-140000.0,False
690.0,11,damaged,,4.0,-140000.0,True
690.0,12,en_route,4,79.24040900492824,-84800.05931717905,False
690.0,13,en_route,4,79.84318499940835,-84800.05874836656,False
690.0,14,en_route,4,82.85706479159755,-84800.05594718005,False
690.0,15,en_route,4,84.06261662552653,-84800.05484671475,False
690.0,16,en_route,4,80.4459609817921,-84800.05818241235,False
690.0,17,en_route,4,83.45984071442508,-84800.05539551817,False
690.0,18,en_route,4,83.45984071442508,-84800.05539551817,False
690.0,19,en_route,5,103.20943997156398,-84800.0848631592,False
690.0,20,en_route,5,103.20943997156398,-84800.0848631592,False
690.0,21,en_route,5,103.20943997156398,-84800.0848631592,False
690.0,22,en_route,5,103.20943997156398,-84800.0848631592,False
690.0,23,en_route,5,103.20943997156398,-84800.0848631592,False
690.0,24,en_route,3,-12.842472935741737,-84800.02671407984,False
690.0,25,en_route,3,-25.86328327210779,-84800.01067591927,False
690.0,26,en_route,3,-25.86328327210779,-84800.01067591927,False
690.0,27,en_route,3,-25.86328327210779,-84800.01067591927,False
690.0,28,en_route,3,-25.86328327210779,-84800.01067591927,False
690.0,29,en_route,0,-584.3986293503717,-84804.00701454491,False
690.0,30,en_route,0,-679.0826639182366,-84804.26421903408,False
690.0,31,en_route,0,-679.0826639182366,-84804.26421903408,False
690.0,32,en_route,0,-679.0826639182366,-84804.26421903408,False
690.0,33,en_route,2,254.33153887199748,-84802.6888659274,False
690.0,34,en_route,2,329.39927055758454,-84801.50605822424,False
690.0,35,en_route,2,329.39927055758454,-84801.50605822424,False
690.0,36,en_route,2,329.39927055758454,-84801.50605822424,False
690.0,37,en_route,1,-187.32580202147673,-84800.34671574834,False
690.0,38,en_route,1,-109.65273073011969,-84800.76548292337,False
690.0,39,en_route,1,-109.65273073011969,-84800.76548292337,False
690.0,40,available,,91.4701812383825,-128000.29730416281,False
690.0,41,available,,7.0,-140000.0,False
720.0,1,en_route,4,87.5789735142014,-82400.05606930253,False
720.0,2,en_route,5,105.28231230252683,-82400.09184518534,False
720.0,3,en_route,3,-26.928513518008817,-82400.01149399402,False
720.0,4,available,,10.0,-140000.0,False
720.0,5,available,,5.0,-140000.0,False
720.0,6,available,,4.0,-140000.0,False
720.0,7,available,,4.0,-140000.0,False
720.0,8,available,,4.0,-140000.0,False
720.0,9,available,,4.0,-140000.0,False
720.0,10,available,,4.0,-140000.0,False
720.0,11,damaged,,4.0,-140000.0,True
720.0,12,en_route,4,82.3094114092532,-82400.0612794248,False
720.0,13,en_route,4,82.89491835944955,-82400.06068859162,False
720.0,14,en_route,4,85.82245292329088,-82400.0577791655,False
720.0,15,en_route,4,86.99346666269726,-82400.05663627415,False
720.0,16,en_route,4,83.48042529708401,-82400.06010074097,False
720.0,17,en_route,4,86.40795979908182,-82400.05720622846,False
720.0,18,en_route,4,86.40795979908182,-82400.05720622846,False
720.0,19,en_route,5,107.63564921337131,-82400.08894468939,False
720.0,20,en_route,5,107.63564921337131,-82400.08894468939,False
720.0,21,en_route,5,107.63564921337131,-82400.08894468939,False
720.0,22,en_route,5,107.63564921337131,-82400.08894468939,False
720.0,23,en_route,5,107.63564921337131,-82400.08894468939,False
720.0,24,en_route,3,-14.863592188784725,-82400.02756510561,False
720.0,25,en_route,3,-27.519692490809593,-82400.01124752173,False
720.0,26,en_route,3,-27.519692490809593,-82400.01124752173,False
720.0,27,en_route,3,-27.519692490809593,-82400.01124752173,False
720.0,28,en_route,3,-27.519692490809593,-82400.01124752173,False
720.0,29,en_route,0,-617.0847800178659,-82404.22960495991,False
720.0,30,en_route,0,-709.0611510892948,-82404.45145752394,False
720.0,31,en_route,0,-709.0611510892948,-82404.45145752394,False
720.0,32,en_route,0,-709.0611510892948,-82404.45145752394,False
720.0,33,en_route,2,276.20939630039675,-82402.78858480022,False
720.0,34,en_route,2,349.1373590241412,-82401.58722462514,False
720.0,35,en_route,2,349.1373590241412,-82401.58722462514,False
720.0,36,en_route,2,349.1373590241412,-82401.58722462514,False
720.0,37,en_route,1,-196.29466203153464,-82400.3634742339,False
720.0,38,en_route,1,-120.82622583948091,-82400.7914928545,False
720.0,39,en_route,1,-120.82622583948091,-82400.7914928545,False
720.0,40,available,,91.4701812383825,-128000.29730416281,False
720.0,41,available,,7.0,-140000.0,False
750.0,1,en_route,4,90.49255450343937,-80000.05783783531,False
750.0,2,en_route,5,109.77713158920328,-80000.09605423079,False
750.0,3,en_route,3,-28.601958719720322,-80000.01207741469,False
750.0,4,available,,10.0,-140000.0,False
750.0,5,available,,5.0,-140000.0,False
750.0,6,available,,4.0,-140000.0,False
750.0,7,available,,4.0,-140000.0,False
750.0,8,available,,4.0,-140000.0,False
750.0,9,available,,4.0,-140000.0,False
750.0,10,available,,4.0,-140000.0,False
750.0,11,damaged,,4.0,-140000.0,True
750.0,12,en_route,4,85.37841381357816,-80000.06324167055,False
750.0,13,en_route,4,85.94665171949075,-80000.06262881668,False
750.0,14,en_route,4,88.78784105498423,-80000.05961115094,False
750.0,15,en_route,4,89.92431669986799,-80000.05842583356,False
750.0,16,en_route,4,86.51488961237592,-80000.06201906959,False
750.0,17,en_route,4,89.35607888373856,-80000.05901693876,False
750.0,18,en_route,4,89.35607888373856,-80000.05901693876,False
750.0,19,en_route,5,112.06185845517864,-80000.09302621958,False
750.0,20,en_route,5,112.06185845517864,-80000.09302621958,False
750.0,21,en_route,5,112.06185845517864,-80000.09302621958,False
750.0,22,en_route,5,112.06185845517864,-80000.09302621958,False
750.0,23,en_route,5,112.06185845517864,-80000.09302621958,False
750.0,24,en_route,3,-16.884711441827715,-80000.02841613139,False
750.0,25,en_route,3,-29.176101709511396,-80000.01181912419,False
750.0,26,en_route,3,-29.176101709511396,-80000.01181912419,False
750.0,27,en_route,3,-29.176101709511396,-80000.01181912419,False
750.0,28,en_route,3,-29.176101709511396,-80000.01181912419,False
750.0,29,en_route,0,-649.7709306853601,-80004.4521953749,False
750.0,30,en_route,0,-739.0396382603528,-80004.6386960138,False
750.0,31,en_route,0,-739.0396382603528,-80004.6386960138,False
750.0,32,en_route,0,-739.0396382603528,-80004.6386960138,False
750.0,33,en_route,2,298.08725372879604,-80002.88830367304,False
750.0,34,en_route,2,368.8754474906978,-80001.66839102603,False
750.0,35,en_route,2,368.8754474906978,-80001.66839102603,False
750.0,36,en_route,2,368.8754474906978,-80001.66839102603,False
750.0,37,en_route,1,-205.26352204159255,-80000.38023271947,False
750.0,38,en_route,1,-131.99972094884214,-80000.81750278565,False
750.0,39,en_route,1,-131.99972094884214,-80000.81750278565,False
750.0,40,available,,91.4701812383825,-128000.29730416281,False
750.0,41,available,,7.0,-140000.0,False
780.0,1,en_route,4,93.40613549267734,-77600.05960636809,False
780.0,2,en_route,5,114.27195087587972,-77600.10026327624,False
780.0,3,en_route,3,-30.275403921431828,-77600.01266083536,False
780.0,4,available,,10.0,-140000.0,False
780.0,5,available,,5.0,-140000.0,False
780.0,6,available,,4.0,-140000.0,False
780.0,7,available,,4.0,-140000.0,False
780.0,8,available,,4.0,-140000.0,False
780.0,9,available,,4.0,-140000.0,False
780.0,10,available,,4.0,-140000.0,False
780.0,11,damaged,,4.0,-140000.0,True
780.0,12,en_route,4,88.44741621790313,-77600.0652039163,False
780.0,13,en_route,4,88.99838507953194,-77600.06456904174,False
780.0,14,en_route,4,91.75322918667757,-77600.06144313638,False
780.0,15,en_route,4,92.85516673703872,-77600.06021539296,False
780.0,16,en_route,4,89.54935392766784,-77600.06393739821,False
780.0,17,en_route,4,92.3041979683953,-77600.06082764905,False
780.0,18,en_route,4,92.3041979683953,-77600.06082764905,False
780.0,19,en_route,5,116.48806769698596,-77600.09710774977,False
780.0,20,en_route,5,116.48806769698596,-77600.09710774977,False
780.0,21,en_route,5,116.48806769698596,-77600.09710774977,False
780.0,22,en_route,5,116.48806769698596,-77600.09710774977,False
780.0,23,en_route,5,116.48806769698596,-77600.09710774977,False
780.0,24,en_route,3,-18.905830694870705,-77600.02926715717,False
780.0,25,en_route,3,-30.8325109282132,-77600.01239072665,False
780.0,26,en_route,3,-30.8325109282132,-77600.01239072665,False
780.0,27,en_route,3,-30.8325109282132,-77600.01239072665,False
780.0,28,en_route,3,-30.8325109282132,-77600.01239072665,False
780.0,29,en_route,0,-682.4570813528543,-77604.6747857899,False
780.0,30,en_route,0,-769.0181254314109,-77604.82593450366,False
780.0,31,en_route,0,-769.0181254314109,-77604.82593450366,False
780.0,32,en_route,0,-769.0181254314109,-77604.82593450366,False
780.0,33,en_route,2,319.96511115719534,-77602.98802254586,False
780.0,34,en_route,2,388.61353595725444,-77601.74955742693,False
780.0,35,en_route,2,388.61353595725444,-77601.74955742693,False
780.0,36,en_route,2,388.61353595725444,-77601.74955742693,False
780.0,37,en_route,1,-214.23238205165046,-77600.39699120504,False
780.0,38,en_route,1,-143.17321605820337,-77600.84351271679,False
780.0,39,en_route,1,-143.17321605820337,-77600.84351271679,False
780.0,40,available,,91.4701812383825,-128000.29730416281,False
780.0,41,available,,7.0,-140000.0,False
810.0,1,en_route,4,96.31971648191531,-75200.06137490086,False
810.0,2,en_route,5,118.76677016255617,-75200.10447232169,False
810.0,3,en_route,3,-31.948849123143333,-75200.01324425603,False
810.0,4,available,,10.0,-140000.0,False
810.0,5,available,,5.0,-140000.0,False
810.0,6,available,,4.0,-140000.0,False
810.0,7,available,,4.0,-140000.0,False
810.0,8,available,,4.0,-140000.0,False
810.0,9,available,,4.0,-140000.0,False
810.0,10,available,,4.0,-140000.0,False
810.0,11,damaged,,4.0,-140000.0,True
810.0,12,en_route,4,91.51641862222809,-75200.06716616204,False
810.0,13,en_route,4,92.05011843957313,-75200.0665092668,False
810.0,14,en_route,4,94.7186173183709,-75200.06327512182,False
810.0,15,en_route,4,95.78601677420944,-75200.06200495237,False
810.0,16,en_route,4,92.58381824295975,-75200.06585572683,False
810.0,17,en_route,4,95.25231705305204,-75200.06263835935,False
810.0,18,en_route,4,95.25231705305204,-75200.06263835935,False
810.0,19,en_route,5,120.9142769387933,-75200.10118927996,False
810.0,20,en_route,5,120.9142769387933,-75200.10118927996,False
810.0,21,en_route,5,120.9142769387933,-75200.10118927996,False
810.0,22,en_route,5,120.9142769387933,-75200.10118927996,False
810.0,23,en_route,5,120.9142769387933,-75200.10118927996,False
810.0,24,en_route,3,-20.926949947913695,-75200.03011818294,False
810.0,25,en_route,3,-32.488920146915,-75200.01296232911,False
810.0,26,en_route,3,-32.488920146915,-75200.01296232911,False
810.0,27,en_route,3,-32.488920146915,-75200.01296232911,False
810.0,28,en_route,3,-32.488920146915,-75200.01296232911,False
810.0,29,en_route,0,-715.1432320203485,-75204.8973762049,False
810.0,30,en_route,0,-798.9966126024691,-75205.01317299352,False
810.0,31,en_route,0,-798.9966126024691,-75205.01317299352,False
810.0,32,en_route,0,-798.9966126024691,-75205.01317299352,False
810.0,33,en_route,2,341.84296858559463,-75203.08774141868,False
810.0,34,en_route,2,408.3516244238111,-75201.83072382782,False
810.0,35,en_route,2,408.3516244238111,-75201.83072382782,False
810.0,36,en_route,2,408.3516244238111,-75201.83072382782,False
810.0,37,en_route,1,-223.20124206170837,-75200.4137496906,False
810.0,38,en_route,1,-154.3467111675646,-75200.86952264793,False
810.0,39,en_route,1,-154.3467111675646,-75200.86952264793,False
810.0,40,available,,91.4701812383825,-128000.29730416281,False
810.0,41,available,,7.0,-140000.0,False
840.0,1,en_route,4,99.23329747115328,-72800.06314343364,False
840.0,2,en_route,5,123.26158944923262,-72800.10868136713,False
840.0,3,en_route,3,-33.62229432485484,-72800.0138276767,False
840.0,4,available,,10.0,-140000.0,False
840.0,5,available,,5.0,-140000.0,False
840.0,6,available,,4.0,-140000.0,False
840.0,7,available,,4.0,-140000.0,False
840.0,8,available,,4.0,-140000.0,False
840.0,9,available,,4.0,-140000.0,False
840.0,10,available,,4.0,-140000.0,False
840.0,11,damaged,,4.0,-140000.0,True
840.0,12,en_route,4,94.58542102655305,-72800.06912840779,False
840.0,13,en_route,4,95.10185179961431,-72800.06844949187,False
840.0,14,en_route,4,97.68400545006423,-72800.06510710726,False
840.0,15,en_route,4,98.71686681138017,-72800.06379451178,False
840.0,16,en_route,4,95.61828255825166,-72800.06777405545,False
840.0,17,en_route,4,98.20043613770878,-72800.06444906964,False
840.0,18,en_route,4,98.20043613770878,-72800.06444906964,False
840.0,19,en_route,5,125.34048618060062,-72800.10527081015,False
840.0,20,en_route,5,125.34048618060062,-72800.10527081015,False
840.0,21,en_route,5,125.34048618060062,-72800.10527081015,False
840.0,22,en_route,5,125.34048618060062,-72800.10527081015,False
840.0,23,en_route,5,125.34048618060062,-72800.10527081015,False
840.0,24,en_route,3,-22.948069200956684,-72800.03096920872,False
840.0,25,en_route,3,-34.1453293656168,-72800.01353393157,False
840.0,26,en_route,3,-34.1453293656168,-72800.01353393157,False
840.0,27,en_route,3,-34.1453293656168,-72800.01353393157,False
840.0,28,en_route,3,-34.1453293656168,-72800.01353393157,False
840.0,29,en_route,0,-747.8293826878427,-72805.1199666199,False
840.0,30,en_route,0,-828.9750997735273,-72805.20041148338,False
840.0,31,en_route,0,-828.9750997735273,-72805.20041148338,False
840.0,32,en_route,0,-828.9750997735273,-72805.20041148338,False
840.0,33,en_route,2,363.72082601399393,-72803.18746029149,False
840.0,34,en_route,2,428.0897128903677,-72801.91189022872,False
840.0,35,en_route,2,428.0897128903677,-72801.91189022872,False
840.0,36,en_route,2,428.0897128903677,-72801.91189022872,False
840.0,37,en_route,1,-232.17010207176628,-72800.43050817617,False
840.0,38,en_route,1,-165.52020627692582,-72800.89553257907,False
840.0,39,en_route,1,-165.52020627692582,-72800.89553257907,False
840.0,40,available,,91.4701812383825,-128000.29730416281,False
840.0,41,available,,7.0,-140000.0,False
870.0,1,en_route,4,102.14687846039125,-70400.06491196642,False
870.0,2,en_route,5,127.75640873590906,-70400.11289041258,False
870.0,3,en_route,3,-35.29573952656635,-70400.01441109736,False
870.0,4,available,,10.0,-140000.0,False
870.0,5,available,,5.0,-140000.0,False
870.0,6,available,,4.0,-140000.0,False
870.0,7,available,,4.0,-140000.0,False
870.0,8,available,,4.0,-140000.0,False
870.0,9,available,,4.0,-140000.0,False
870.0,10,available,,4.0,-140000.0,False
870.0,11,damaged,,4.0,-140000.0,True
870.0,12,en_route,4,97.65442343087801,-70400.07109065354,False
870.0,13,en_route,4,98.15358515965549,-70400.07038971693,False
870.0,14,en_route,4,100.64939358175758,-70400.0669390927,False
870.0,15,en_route,4,101.6477168485509,-70400.06558407118,False
870.0,16,en_route,4,98.65274687354358,-70400.06969238407,False
870.0,17,en_route,4,101.14855522236552,-70400.06625977994,False
870.0,18,en_route,4,101.14855522236552,-70400.06625977994,False
870.0,19,en_route,5,129.76669542240796,-70400.10935234034,False
870.0,20,en_route,5,129.76669542240796,-70400.10935234034,False
870.0,21,en_route,5,129.76669542240796,-70400.10935234034,False
870.0,22,en_route,5,129.76669542240796,-70400.10935234034,False
870.0,23,en_route,5,129.76669542240796,-70400.10935234034,False
870.0,24,en_route,3,-24.969188453999674,-70400.0318202345,False
870.0,25,en_route,3,-35.801738584318606,-70400.01410553404,False
870.0,26,en_route,3,-35.801738584318606,-70400.01410553404,False
870.0,27,en_route,3,-35.801738584318606,-70400.01410553404,False
870.0,28,en_route,3,-35.801738584318606,-70400.01410553404,False
870.0,29,en_route,0,-780.5155333553369,-70405.34255703489,False
870.0,30,en_route,0,-858.9535869445854,-70405.38764997324,False
870.0,31,en_route,0,-858.9535869445854,-70405.38764997324,False
870.0,32,en_route,0,-858.9535869445854,-70405.38764997324,False
870.0,33,en_route,2,385.59868344239317,-70403.28717916431,False
870.0,34,en_route,2,447.82780135692434,-70401.99305662961,False
870.0,35,en_route,2,447.82780135692434,-70401.99305662961,False
870.0,36,en_route,2,447.82780135692434,-70401.99305662961,False
870.0,37,en_route,1,-241.1389620818242,-70400.44726666174,False
870.0,38,en_route,1,-176.69370138628705,-70400.92154251022,False
870.0,39,en_route,1,-176.69370138628705,-70400.92154251022,False
870.0,40,available,,91.4701812383825,-128000.29730416281,False
870.0,41,available,,7.0,-140000.0,False
900.0,1,en_route,4,105.06045944962922,-68000.06668049919,False
900.0,2,en_route,5,132.2512280225855,-68000.11709945803,False
900.0,3,en_route,3,-36.96918472827786,-68000.01499451803,False
900.0,4,available,,10.0,-140000.0,False
900.0,5,available,,5.0,-140000.0,False
900.0,6,available,,4.0,-140000.0,False
900.0,7,available,,4.0,-140000.0,False
900.0,8,available,,4.0,-140000.0,False
900.0,9,available,,4.0,-140000.0,False
900.0,10,available,,4.0,-140000.0,False
900.0,11,damaged,,4.0,-140000.0,True
900.0,12,en_route,4,100.72342583520299,-68000.07305289929,False
900.0,13,en_route,4,101.20531851969668,-68000.07232994199,False
900.0,14,en_route,4,103.61478171345091,-68000.06877107815,False
900.0,15,en_route,4,104.57856688572163,-68000.06737363059,False
900.0,16,en_route,4,101.68721118883549,-68000.0716107127,False
900.0,17,en_route,4,104.09667430702225,-68000.06807049023,False
900.0,18,en_route,4,104.09667430702225,-68000.06807049023,False
900.0,19,en_route,5,134.1929046642153,-68000.11343387053,False
900.0,20,en_route,5,134.1929046642153,-68000.11343387053,False
900.0,21,en_route,5,134.1929046642153,-68000.11343387053,False
900.0,22,en_route,5,134.1929046642153,-68000.11343387053,False
900.0,23,en_route,5,134.1929046642153,-68000.11343387053,False
900.0,24,en_route,3,-26.990307707042664,-68000.03267126027,False
900.0,25,en_route,3,-37.45814780302041,-68000.0146771365,False
900.0,26,en_route,3,-37.45814780302041,-68000.0146771365,False
900.0,27,en_route,3,-37.45814780302041,-68000.0146771365,False
900.0,28,en_route,3,-37.45814780302041,-68000.0146771365,False
900.0,29,en_route,0,-813.201684022831,-68005.56514744989,False
900.0,30,en_route,0,-888.9320741156434,-68005.5748884631,False
900.0,31,en_route,0,-888.9320741156434,-68005.5748884631,False
900.0,32,en_route,0,-888.9320741156434,-68005.5748884631,False
900.0,33,en_route,2,407.4765408707924,-68003.38689803713,False
900.0,34,en_route,2,467.565889823481,-68002.0742230305,False
900.0,35,en_route,2,467.565889823481,-68002.0742230305,False
900.0,36,en_route,2,467.565889823481,-68002.0742230305,False
900.0,37,en_route,1,-250.1078220918821,-68000.4640251473,False
900.0,38,en_route,1,-187.86719649564827,-68000.94755244136,False
900.0,39,en_route,1,-187.86719649564827,-68000.94755244136,False
900.0,40,available,,91.4701812383825,-128000.29730416281,False
900.0,41,available,,7.0,-140000.0,False
