episode,total_reward,num_steps,num_updates,mean_loss,random_action_count,greedy_action_count,random_action_ratio,invalid_or_no_action_count,done,is_best_episode,epsilon_after_episode,best_reward_so_far,global_env_steps,replay_buffer_size,latest_checkpoint_path,best_checkpoint_path,extra
1,-13.040694417355855,20,0,,20,0,1.0,0,True,True,0.9962,-13.040694417355855,20,20,F:\项目\专利\uav_dynamic_task_allocation\checkpoints\dqn\latest.pt,F:\项目\专利\uav_dynamic_task_allocation\checkpoints\dqn\best.pt,
2,-11.499009754554086,20,9,0.1276277903881338,20,0,1.0,0,True,True,0.9924,-11.499009754554086,40,40,F:\项目\专利\uav_dynamic_task_allocation\checkpoints\dqn\latest.pt,F:\项目\专利\uav_dynamic_task_allocation\checkpoints\dqn\best.pt,
3,-13.806158568178288,20,20,0.037137423921376464,20,0,1.0,0,True,False,0.9886,-11.499009754554086,60,60,F:\项目\专利\uav_dynamic_task_allocation\checkpoints\dqn\latest.pt,,
4,-12.269529407336089,20,20,0.06263636983931065,20,0,1.0,0,True,False,0.9848,-11.499009754554086,80,80,F:\项目\专利\uav_dynamic_task_allocation\checkpoints\dqn\latest.pt,,
5,-9.197080649471966,20,20,0.06565778190270066,20,0,1.0,0,True,True,0.981,-9.197080649471966,100,100,F:\项目\专利\uav_dynamic_task_allocation\checkpoints\dqn\latest.pt,F:\项目\专利\uav_dynamic_task_allocation\checkpoints\dqn\best.pt,
6,-10.735092834466565,20,20,0.08305885214358569,19,1,0.95,0,True,False,0.9772,-9.197080649471966,120,120,F:\项目\专利\uav_dynamic_task_allocation\checkpoints\dqn\latest.pt,,
7,-10.73347804199918,20,20,0.10646973559632897,20,0,1.0,0,True,False,0.9734,-9.197080649471966,140,140,F:\项目\专利\uav_dynamic_task_allocation\checkpoints\dqn\latest.pt,,
8,-10.733127742726788,20,20,0.0629236726090312,20,0,1.0,0,True,False,0.9696,-9.197080649471966,160,160,F:\项目\专利\uav_dynamic_task_allocation\checkpoints\dqn\latest.pt,,
9,-9.195774987634406,20,20,0.06916257254779339,20,0,1.0,0,True,True,0.9658,-9.195774987634406,180,180,F:\项目\专利\uav_dynamic_task_allocation\checkpoints\dqn\latest.pt,F:\项目\专利\uav_dynamic_task_allocation\checkpoints\dqn\best.pt,
10,-12.271482863236312,20,20,0.08658647276461125,20,0,1.0,0,True,False,0.962,-9.195774987634406,200,200,F:\项目\专利\uav_dynamic_task_allocation\checkpoints\dqn\latest.pt,,
11,-11.500095511813898,20,20,0.04518994688987732,20,0,1.0,0,True,False,0.9582,-9.195774987634406,220,220,F:\项目\专利\uav_dynamic_task_allocation\checkpoints\dqn\latest.pt,,
12,-9.966645578881064,20,20,0.10551101434975863,20,0,1.0,0,True,False,0.9544,-9.195774987634406,240,240,F:\项目\专利\uav_dynamic_task_allocation\checkpoints\dqn\latest.pt,,
13,-13.042178554807492,20,20,0.13284285888075828,19,1,0.95,0,True,False,0.9506,-9.195774987634406,260,260,F:\项目\专利\uav_dynamic_task_allocation\checkpoints\dqn\latest.pt,,
14,-12.270517449113845,20,20,0.08563691768795252,19,1,0.95,0,True,False,0.9468,-9.195774987634406,280,280,F:\项目\专利\uav_dynamic_task_allocation\checkpoints\dqn\latest.pt,,
15,-10.732526179319045,20,20,0.06780044180341065,19,1,0.95,0,True,False,0.9430000000000001,-9.195774987634406,300,300,F:\项目\专利\uav_dynamic_task_allocation\checkpoints\dqn\latest.pt,,
16,-10.72416486186401,20,20,0.06603829120285809,18,2,0.9,0,True,False,0.9392,-9.195774987634406,320,320,F:\项目\专利\uav_dynamic_task_allocation\checkpoints\dqn\latest.pt,,
17,-13.029978499770989,20,20,0.10134134627878666,20,0,1.0,0,True,False,0.9354,-9.195774987634406,340,340,F:\项目\专利\uav_dynamic_task_allocation\checkpoints\dqn\latest.pt,,
18,-13.039398555702506,20,20,0.08312214612960815,19,1,0.95,0,True,False,0.9316,-9.195774987634406,360,360,F:\项目\专利\uav_dynamic_task_allocation\checkpoints\dqn\latest.pt,,
19,-13.808979662433282,20,20,0.07538795750588179,19,1,0.95,0,True,False,0.9278,-9.195774987634406,380,380,F:\项目\专利\uav_dynamic_task_allocation\checkpoints\dqn\latest.pt,,
20,-9.194924828317857,20,20,0.06825747471302748,19,1,0.95,0,True,True,0.924,-9.194924828317857,400,400,F:\项目\专利\uav_dynamic_task_allocation\checkpoints\dqn\latest.pt,F:\项目\专利\uav_dynamic_task_allocation\checkpoints\dqn\best.pt,
21,-10.735350403132443,20,20,0.05808163159526884,17,3,0.85,0,True,False,0.9202,-9.194924828317857,420,420,F:\项目\专利\uav_dynamic_task_allocation\checkpoints\dqn\latest.pt,,
22,-9.965992415845669,20,20,0.09735405975952745,18,2,0.9,0,True,False,0.9164,-9.194924828317857,440,440,F:\项目\专利\uav_dynamic_task_allocation\checkpoints\dqn\latest.pt,,
23,-11.501765220175146,20,20,0.0819688088260591,17,3,0.85,0,True,False,0.9126,-9.194924828317857,460,460,F:\项目\专利\uav_dynamic_task_allocation\checkpoints\dqn\latest.pt,,
24,-11.493541731281729,20,20,0.091222401894629,19,1,0.95,0,True,False,0.9088,-9.194924828317857,480,480,F:\项目\专利\uav_dynamic_task_allocation\checkpoints\dqn\latest.pt,,
25,-11.501682716731409,20,20,0.07903467565774917,18,2,0.9,0,True,False,0.905,-9.194924828317857,500,500,F:\项目\专利\uav_dynamic_task_allocation\checkpoints\dqn\latest.pt,,
26,-11.505550789514459,20,20,0.10897581707686185,18,2,0.9,0,True,False,0.9012,-9.194924828317857,520,520,F:\项目\专利\uav_dynamic_task_allocation\checkpoints\dqn\latest.pt,,
27,-12.27385608287503,20,20,0.0963494809344411,18,2,0.9,0,True,False,0.8974,-9.194924828317857,540,540,F:\项目\专利\uav_dynamic_task_allocation\checkpoints\dqn\latest.pt,,
28,-9.965845230424518,20,20,0.1112408071756363,19,1,0.95,0,True,False,0.8936,-9.194924828317857,560,560,F:\项目\专利\uav_dynamic_task_allocation\checkpoints\dqn\latest.pt,,
29,-11.504298212595824,20,20,0.12238562256097793,18,2,0.9,0,True,False,0.8898,-9.194924828317857,580,580,F:\项目\专利\uav_dynamic_task_allocation\checkpoints\dqn\latest.pt,,
30,-9.955651893005689,20,20,0.06926540974527598,18,2,0.9,0,True,False,0.886,-9.194924828317857,600,600,F:\项目\专利\uav_dynamic_task_allocation\checkpoints\dqn\latest.pt,,
31,-10.734238136752156,20,20,0.08371288110502065,17,3,0.85,0,True,False,0.8822,-9.194924828317857,620,620,F:\项目\专利\uav_dynamic_task_allocation\checkpoints\dqn\latest.pt,,
32,-11.501760053833697,20,20,0.11574281919747591,16,4,0.8,0,True,False,0.8784,-9.194924828317857,640,640,F:\项目\专利\uav_dynamic_task_allocation\checkpoints\dqn\latest.pt,,
33,-11.503814897503679,20,20,0.12015784215182065,16,4,0.8,0,True,False,0.8746,-9.194924828317857,660,660,F:\项目\专利\uav_dynamic_task_allocation\checkpoints\dqn\latest.pt,,
34,-9.196989981963831,20,20,0.1167614920064807,17,3,0.85,0,True,False,0.8708,-9.194924828317857,680,680,F:\项目\专利\uav_dynamic_task_allocation\checkpoints\dqn\latest.pt,,
35,-11.49612708493854,20,20,0.09903636183589697,16,4,0.8,0,True,False,0.867,-9.194924828317857,700,700,F:\项目\专利\uav_dynamic_task_allocation\checkpoints\dqn\latest.pt,,
36,-10.723407100324708,20,20,0.1172000052407384,19,1,0.95,0,True,False,0.8632,-9.194924828317857,720,720,F:\项目\专利\uav_dynamic_task_allocation\checkpoints\dqn\latest.pt,,
37,-11.504744848557454,20,20,0.13402401711791753,14,6,0.7,0,True,False,0.8594,-9.194924828317857,740,740,F:\项目\专利\uav_dynamic_task_allocation\checkpoints\dqn\latest.pt,,
38,-10.726276873522584,20,20,0.14850595332682132,18,2,0.9,0,True,False,0.8556,-9.194924828317857,760,760,F:\项目\专利\uav_dynamic_task_allocation\checkpoints\dqn\latest.pt,,
39,-10.736635908892469,20,20,0.14155763499438762,15,5,0.75,0,True,False,0.8518,-9.194924828317857,780,780,F:\项目\专利\uav_dynamic_task_allocation\checkpoints\dqn\latest.pt,,
40,-10.735191062811836,20,20,0.17964741569012405,18,2,0.9,0,True,False,0.848,-9.194924828317857,800,800,F:\项目\专利\uav_dynamic_task_allocation\checkpoints\dqn\latest.pt,,
41,-12.268640807573759,20,20,0.1551537375897169,16,4,0.8,0,True,False,0.8442000000000001,-9.194924828317857,820,820,F:\项目\专利\uav_dynamic_task_allocation\checkpoints\dqn\latest.pt,,
42,-12.271481509923383,20,20,0.12452961206436157,18,2,0.9,0,True,False,0.8404,-9.194924828317857,840,840,F:\项目\专利\uav_dynamic_task_allocation\checkpoints\dqn\latest.pt,,
43,-11.502442213716487,20,20,0.13136769477277993,18,2,0.9,0,True,False,0.8366,-9.194924828317857,860,860,F:\项目\专利\uav_dynamic_task_allocation\checkpoints\dqn\latest.pt,,
44,-12.274157052896689,20,20,0.15659611038863658,15,5,0.75,0,True,False,0.8328,-9.194924828317857,880,880,F:\项目\专利\uav_dynamic_task_allocation\checkpoints\dqn\latest.pt,,
45,-12.260356614652368,20,20,0.10908636841922999,16,4,0.8,0,True,False,0.829,-9.194924828317857,900,900,F:\项目\专利\uav_dynamic_task_allocation\checkpoints\dqn\latest.pt,,
46,-10.72486783888369,20,20,0.10787491304799915,15,5,0.75,0,True,False,0.8252,-9.194924828317857,920,920,F:\项目\专利\uav_dynamic_task_allocation\checkpoints\dqn\latest.pt,,
47,-13.80998704398844,20,20,0.11523523237556219,18,2,0.9,0,True,False,0.8214,-9.194924828317857,940,940,F:\项目\专利\uav_dynamic_task_allocation\checkpoints\dqn\latest.pt,,
48,-12.273414502638971,20,20,0.19363284222781657,14,6,0.7,0,True,False,0.8176,-9.194924828317857,960,960,F:\项目\专利\uav_dynamic_task_allocation\checkpoints\dqn\latest.pt,,
49,-9.194228066397764,20,20,0.15322373621165752,12,8,0.6,0,True,True,0.8138,-9.194228066397764,980,980,F:\项目\专利\uav_dynamic_task_allocation\checkpoints\dqn\latest.pt,F:\项目\专利\uav_dynamic_task_allocation\checkpoints\dqn\best.pt,
50,-11.504198969091131,20,20,0.11661761105060578,17,3,0.85,0,True,False,0.81,-9.194228066397764,1000,1000,F:\项目\专利\uav_dynamic_task_allocation\checkpoints\dqn\latest.pt,,
51,-11.500290831428785,20,20,0.1325996659696102,17,3,0.85,0,True,False,0.8062,-9.194228066397764,1020,1020,F:\项目\专利\uav_dynamic_task_allocation\checkpoints\dqn\latest.pt,,
52,-10.731857140946843,20,20,0.15918001849204302,16,4,0.8,0,True,False,0.8024,-9.194228066397764,1040,1040,F:\项目\专利\uav_dynamic_task_allocation\checkpoints\dqn\latest.pt,,
53,-11.504207073219781,20,20,0.24415188394486903,18,2,0.9,0,True,False,0.7986,-9.194228066397764,1060,1060,F:\项目\专利\uav_dynamic_task_allocation\checkpoints\dqn\latest.pt,,
54,-11.50338864041179,20,20,0.18472864329814911,17,3,0.85,0,True,False,0.7948,-9.194228066397764,1080,1080,F:\项目\专利\uav_dynamic_task_allocation\checkpoints\dqn\latest.pt,,
55,-10.73520144534128,20,20,0.1519292749464512,11,9,0.55,0,True,False,0.791,-9.194228066397764,1100,1100,F:\项目\专利\uav_dynamic_task_allocation\checkpoints\dqn\latest.pt,,
56,-14.580553552823934,20,20,0.1316583350300789,15,5,0.75,0,True,False,0.7872,-9.194228066397764,1120,1120,F:\项目\专利\uav_dynamic_task_allocation\checkpoints\dqn\latest.pt,,
57,-13.038448188331481,20,20,0.15257005169987678,17,3,0.85,0,True,False,0.7834,-9.194228066397764,1140,1140,F:\项目\专利\uav_dynamic_task_allocation\checkpoints\dqn\latest.pt,,
58,-10.727119049715851,20,20,0.1410046385601163,12,8,0.6,0,True,False,0.7796,-9.194228066397764,1160,1160,F:\项目\专利\uav_dynamic_task_allocation\checkpoints\dqn\latest.pt,,
59,-12.264892003755723,20,20,0.16201599687337875,16,4,0.8,0,True,False,0.7758,-9.194228066397764,1180,1180,F:\项目\专利\uav_dynamic_task_allocation\checkpoints\dqn\latest.pt,,
60,-12.273545190755222,20,20,0.13511710856109857,13,7,0.65,0,True,False,0.772,-9.194228066397764,1200,1200,F:\项目\专利\uav_dynamic_task_allocation\checkpoints\dqn\latest.pt,,
61,-12.272264532442737,20,20,0.15786555912345648,14,6,0.7,0,True,False,0.7682,-9.194228066397764,1220,1220,F:\项目\专利\uav_dynamic_task_allocation\checkpoints\dqn\latest.pt,,
62,-11.500170840234254,20,20,0.19419029597193002,14,6,0.7,0,True,False,0.7644,-9.194228066397764,1240,1240,F:\项目\专利\uav_dynamic_task_allocation\checkpoints\dqn\latest.pt,,
63,-12.261205955471418,20,20,0.17590414751321076,15,5,0.75,0,True,False,0.7605999999999999,-9.194228066397764,1260,1260,F:\项目\专利\uav_dynamic_task_allocation\checkpoints\dqn\latest.pt,,
64,-12.274217559961597,20,20,0.1935529287904501,18,2,0.9,0,True,False,0.7568,-9.194228066397764,1280,1280,F:\项目\专利\uav_dynamic_task_allocation\checkpoints\dqn\latest.pt,,
65,-8.426797052876246,20,20,0.26828381083905695,14,6,0.7,0,True,True,0.753,-8.426797052876246,1300,1300,F:\项目\专利\uav_dynamic_task_allocation\checkpoints\dqn\latest.pt,F:\项目\专利\uav_dynamic_task_allocation\checkpoints\dqn\best.pt,
66,-10.73446544247453,20,20,0.19566966202110053,14,6,0.7,0,True,False,0.7492,-8.426797052876246,1320,1320,F:\项目\专利\uav_dynamic_task_allocation\checkpoints\dqn\latest.pt,,
67,-11.500514620815547,20,20,0.2128881046548486,17,3,0.85,0,True,False,0.7454000000000001,-8.426797052876246,1340,1340,F:\项目\专利\uav_dynamic_task_allocation\checkpoints\dqn\latest.pt,,
68,-11.50012395092588,20,20,0.26286708302795886,16,4,0.8,0,True,False,0.7416,-8.426797052876246,1360,1360,F:\项目\专利\uav_dynamic_task_allocation\checkpoints\dqn\latest.pt,,
69,-10.7347130097488,20,20,0.22259521521627904,13,7,0.65,0,True,False,0.7378,-8.426797052876246,1380,1380,F:\项目\专利\uav_dynamic_task_allocation\checkpoints\dqn\latest.pt,,
70,-9.962497822208242,20,20,0.1987482003867626,17,3,0.85,0,True,False,0.734,-8.426797052876246,1400,1400,F:\项目\专利\uav_dynamic_task_allocation\checkpoints\dqn\latest.pt,,
71,-12.268905718097622,20,20,0.20297786295413972,19,1,0.95,0,True,False,0.7302,-8.426797052876246,1420,1420,F:\项目\专利\uav_dynamic_task_allocation\checkpoints\dqn\latest.pt,,
72,-11.504772193753826,20,20,0.216227101162076,17,3,0.85,0,True,False,0.7264,-8.426797052876246,1440,1440,F:\项目\专利\uav_dynamic_task_allocation\checkpoints\dqn\latest.pt,,
73,-10.735582972944378,20,20,0.2906107686460018,18,2,0.9,0,True,False,0.7226,-8.426797052876246,1460,1460,F:\项目\专利\uav_dynamic_task_allocation\checkpoints\dqn\latest.pt,,
74,-12.260966384576594,20,20,0.20689688734710215,17,3,0.85,0,True,False,0.7188000000000001,-8.426797052876246,1480,1480,F:\项目\专利\uav_dynamic_task_allocation\checkpoints\dqn\latest.pt,,
75,-9.966417138743985,20,20,0.19267786666750908,13,7,0.65,0,True,False,0.7150000000000001,-8.426797052876246,1500,1500,F:\项目\专利\uav_dynamic_task_allocation\checkpoints\dqn\latest.pt,,
76,-13.040891140303176,20,20,0.13704425524920225,13,7,0.65,0,True,False,0.7112,-8.426797052876246,1520,1520,F:\项目\专利\uav_dynamic_task_allocation\checkpoints\dqn\latest.pt,,
77,-12.267715778791127,20,20,0.2819178141653538,14,6,0.7,0,True,False,0.7074,-8.426797052876246,1540,1540,F:\项目\专利\uav_dynamic_task_allocation\checkpoints\dqn\latest.pt,,
78,-10.733793798401873,20,20,0.28136335164308546,15,5,0.75,0,True,False,0.7036,-8.426797052876246,1560,1560,F:\项目\专利\uav_dynamic_task_allocation\checkpoints\dqn\latest.pt,,
79,-11.503973741758752,20,20,0.3396643687039614,16,4,0.8,0,True,False,0.6998,-8.426797052876246,1580,1580,F:\项目\专利\uav_dynamic_task_allocation\checkpoints\dqn\latest.pt,,
80,-12.27194650366639,20,20,0.2453381385654211,10,10,0.5,0,True,False,0.696,-8.426797052876246,1600,1600,F:\项目\专利\uav_dynamic_task_allocation\checkpoints\dqn\latest.pt,,
81,-9.96648174012288,20,20,0.17445610128343106,11,9,0.55,0,True,False,0.6921999999999999,-8.426797052876246,1620,1620,F:\项目\专利\uav_dynamic_task_allocation\checkpoints\dqn\latest.pt,,
82,-10.72373963820889,20,20,0.20690530501306056,17,3,0.85,0,True,False,0.6884,-8.426797052876246,1640,1640,F:\项目\专利\uav_dynamic_task_allocation\checkpoints\dqn\latest.pt,,
83,-9.96193211320279,20,20,0.2188486646860838,14,6,0.7,0,True,False,0.6846,-8.426797052876246,1660,1660,F:\项目\专利\uav_dynamic_task_allocation\checkpoints\dqn\latest.pt,,
84,-10.736494924617844,20,20,0.28495236933231355,16,4,0.8,0,True,False,0.6808000000000001,-8.426797052876246,1680,1680,F:\项目\专利\uav_dynamic_task_allocation\checkpoints\dqn\latest.pt,,
85,-10.733052914832166,20,20,0.2613405391573906,12,8,0.6,0,True,False,0.677,-8.426797052876246,1700,1700,F:\项目\专利\uav_dynamic_task_allocation\checkpoints\dqn\latest.pt,,
86,-11.501615295378041,20,20,0.22898523993790149,12,8,0.6,0,True,False,0.6732,-8.426797052876246,1720,1720,F:\项目\专利\uav_dynamic_task_allocation\checkpoints\dqn\latest.pt,,
87,-13.042150993771122,20,20,0.32578731663525107,15,5,0.75,0,True,False,0.6694,-8.426797052876246,1740,1740,F:\项目\专利\uav_dynamic_task_allocation\checkpoints\dqn\latest.pt,,
88,-10.734086550805714,20,20,0.23730819597840308,12,8,0.6,0,True,False,0.6656,-8.426797052876246,1760,1760,F:\项目\专利\uav_dynamic_task_allocation\checkpoints\dqn\latest.pt,,
89,-13.043118817565894,20,20,0.2917944572865963,14,6,0.7,0,True,False,0.6618,-8.426797052876246,1780,1780,F:\项目\专利\uav_dynamic_task_allocation\checkpoints\dqn\latest.pt,,
90,-10.733254896900327,20,20,0.2347500927746296,14,6,0.7,0,True,False,0.658,-8.426797052876246,1800,1800,F:\项目\专利\uav_dynamic_task_allocation\checkpoints\dqn\latest.pt,,
91,-9.96700682232675,20,20,0.27626518756151197,16,4,0.8,0,True,False,0.6542,-8.426797052876246,1820,1820,F:\项目\专利\uav_dynamic_task_allocation\checkpoints\dqn\latest.pt,,
92,-13.041932021526907,20,20,0.2814379073679447,14,6,0.7,0,True,False,0.6504000000000001,-8.426797052876246,1840,1840,F:\项目\专利\uav_dynamic_task_allocation\checkpoints\dqn\latest.pt,,
93,-11.503283162977334,20,20,0.40155618712306024,11,9,0.55,0,True,False,0.6466000000000001,-8.426797052876246,1860,1860,F:\项目\专利\uav_dynamic_task_allocation\checkpoints\dqn\latest.pt,,
94,-9.96422433850844,20,20,0.4002840477973223,12,8,0.6,0,True,False,0.6428,-8.426797052876246,1880,1880,F:\项目\专利\uav_dynamic_task_allocation\checkpoints\dqn\latest.pt,,
95,-9.956666138897843,20,20,0.38066460713744166,15,5,0.75,0,True,False,0.639,-8.426797052876246,1900,1900,F:\项目\专利\uav_dynamic_task_allocation\checkpoints\dqn\latest.pt,,
96,-11.497927140307604,20,20,0.392034899443388,12,8,0.6,0,True,False,0.6352,-8.426797052876246,1920,1920,F:\项目\专利\uav_dynamic_task_allocation\checkpoints\dqn\latest.pt,,
97,-10.734137033204043,20,20,0.37087871730327604,13,7,0.65,0,True,False,0.6314,-8.426797052876246,1940,1940,F:\项目\专利\uav_dynamic_task_allocation\checkpoints\dqn\latest.pt,,
98,-9.966560874859306,20,20,0.402388171851635,14,6,0.7,0,True,False,0.6275999999999999,-8.426797052876246,1960,1960,F:\项目\专利\uav_dynamic_task_allocation\checkpoints\dqn\latest.pt,,
99,-8.41489013566713,20,20,0.5246946290135384,12,8,0.6,0,True,True,0.6238,-8.41489013566713,1980,1980,F:\项目\专利\uav_dynamic_task_allocation\checkpoints\dqn\latest.pt,F:\项目\专利\uav_dynamic_task_allocation\checkpoints\dqn\best.pt,
100,-12.272266332283627,20,20,0.30646571293473246,11,9,0.55,0,True,False,0.62,-8.41489013566713,2000,2000,F:\项目\专利\uav_dynamic_task_allocation\checkpoints\dqn\latest.pt,,
