time,event_types,replanning_count,destroyed_target_ids,disappeared_target_ids,damaged_uav_ids,available_target_count,available_uav_count,completed_cluster_count,total_cluster_count,metadata
30.0,[],0,[],[],[],20,41,0,3,"{'destroyed_this_step': [], 'cluster_status': {2: 'en_route', 0: 'en_route', 1: 'en_route'}, 'cluster_positions': {2: [3.8589600013615892, -137600.0000585519], 0: [3.857246945088049, -137600.00008620677], 1: [7.880063395212372, -137600.00000299682]}, 'uav_status_counts': {'en_route': 7, 'available': 34}}"
60.0,[],0,[],[],[],20,41,0,3,"{'destroyed_this_step': [], 'cluster_status': {2: 'en_route', 0: 'en_route', 1: 'en_route'}, 'cluster_positions': {2: [4.384586669389846, -135200.00011710383], 0: [3.214493890176098, -135200.00017241354], 1: [7.760126790424744, -135200.00000599364]}, 'uav_status_counts': {'en_route': 7, 'available': 34}}"
90.0,[],0,[],[],[],20,41,0,3,"{'destroyed_this_step': [], 'cluster_status': {2: 'en_route', 0: 'en_route', 1: 'en_route'}, 'cluster_positions': {2: [4.910213337418102, -132800.00017565573], 0: [2.5717408352641478, -132800.0002586203], 1: [7.640190185637116, -132800.00000899046]}, 'uav_status_counts': {'en_route': 7, 'available': 34}}"
120.0,[],0,[],[],[],20,41,0,3,"{'destroyed_this_step': [], 'cluster_status': {2: 'en_route', 0: 'en_route', 1: 'en_route'}, 'cluster_positions': {2: [5.435840005446359, -130400.00023420765], 0: [1.9289877803521969, -130400.00034482707], 1: [7.520253580849488, -130400.0000119873]}, 'uav_status_counts': {'en_route': 7, 'available': 34}}"
150.0,['target_disappeared'],1,[],[3],[],19,41,0,3,"{'destroyed_this_step': [], 'cluster_status': {1: 'en_route', 0: 'en_route', 2: 'en_route'}, 'cluster_positions': {1: [7.40031697606186, -128000.00001498414], 0: [1.2862347254402464, -128000.00043103386], 2: [5.9614666734746145, -128000.00029275955]}, 'uav_status_counts': {'assigned': 6, 'available': 35}}"
180.0,[],1,[],[3],[],19,41,0,3,"{'destroyed_this_step': [], 'cluster_status': {1: 'en_route', 0: 'en_route', 2: 'en_route'}, 'cluster_positions': {1: [6.27775511933697, -125600.00039106155], 0: [2.4644132375101986, -125600.0004384645], 2: [4.953500438194439, -125600.00024182175]}, 'uav_status_counts': {'en_route': 6, 'available': 35}}"
210.0,['attack_uav_destroyed'],2,[],[3],[11],19,40,0,3,"{'destroyed_this_step': [], 'cluster_status': {1: 'en_route', 0: 'en_route', 2: 'en_route'}, 'cluster_positions': {1: [5.527360228471104, -123200.00050961188], 0: [3.057383811402714, -123200.00051199779], 2: [4.8780003265263, -123200.00024342068]}, 'uav_status_counts': {'assigned': 6, 'available': 34, 'damaged': 1}}"
240.0,[],2,[],[3],[11],19,40,0,3,"{'destroyed_this_step': [], 'cluster_status': {1: 'en_route', 0: 'en_route', 2: 'en_route'}, 'cluster_positions': {1: [4.776965337605238, -120800.00062816222], 0: [3.6503543852952296, -120800.00058553107], 2: [4.802500214858162, -120800.00024501962]}, 'uav_status_counts': {'en_route': 6, 'available': 34, 'damaged': 1}}"
270.0,[],2,[],[3],[11],19,40,0,3,"{'destroyed_this_step': [], 'cluster_status': {1: 'en_route', 0: 'en_route', 2: 'en_route'}, 'cluster_positions': {1: [4.026570446739371, -118400.00074671255], 0: [4.243324959187745, -118400.00065906436], 2: [4.727000103190022, -118400.00024661855]}, 'uav_status_counts': {'en_route': 6, 'available': 34, 'damaged': 1}}"
300.0,[],2,[],[3],[11],19,40,0,3,"{'destroyed_this_step': [], 'cluster_status': {1: 'en_route', 0: 'en_route', 2: 'en_route'}, 'cluster_positions': {1: [3.2761755558735053, -116000.00086526289], 0: [4.836295533080261, -116000.00073259765], 2: [4.6514999915218835, -116000.00024821749]}, 'uav_status_counts': {'en_route': 6, 'available': 34, 'damaged': 1}}"
330.0,[],2,[],[3],[11],19,40,0,3,"{'destroyed_this_step': [], 'cluster_status': {1: 'en_route', 0: 'en_route', 2: 'en_route'}, 'cluster_positions': {1: [2.525780665007639, -113600.00098381322], 0: [5.429266106972776, -113600.00080613093], 2: [4.575999879853745, -113600.00024981642]}, 'uav_status_counts': {'en_route': 6, 'available': 34, 'damaged': 1}}"
360.0,[],2,[],[3],[11],19,40,0,3,"{'destroyed_this_step': [], 'cluster_status': {1: 'en_route', 0: 'en_route', 2: 'en_route'}, 'cluster_positions': {1: [1.7753857741417727, -111200.00110236356], 0: [6.022236680865291, -111200.00087966422], 2: [4.500499768185605, -111200.00025141536]}, 'uav_status_counts': {'en_route': 6, 'available': 34, 'damaged': 1}}"
390.0,[],2,[],[3],[11],19,40,0,3,"{'destroyed_this_step': [], 'cluster_status': {1: 'en_route', 0: 'en_route', 2: 'en_route'}, 'cluster_positions': {1: [1.0249908832759065, -108800.0012209139], 0: [6.615207254757807, -108800.00095319751], 2: [4.424999656517467, -108800.0002530143]}, 'uav_status_counts': {'en_route': 6, 'available': 34, 'damaged': 1}}"
420.0,[],2,[],[3],[11],19,40,0,3,"{'destroyed_this_step': [], 'cluster_status': {1: 'en_route', 0: 'en_route', 2: 'en_route'}, 'cluster_positions': {1: [0.27459599241004007, -106400.00133946423], 0: [7.208177828650323, -106400.0010267308], 2: [4.349499544849328, -106400.00025461323]}, 'uav_status_counts': {'en_route': 6, 'available': 34, 'damaged': 1}}"
450.0,[],2,[],[3],[11],19,40,0,3,"{'destroyed_this_step': [], 'cluster_status': {1: 'en_route', 0: 'en_route', 2: 'en_route'}, 'cluster_positions': {1: [-0.47579889845582635, -104000.00145801457], 0: [7.801148402542838, -104000.00110026408], 2: [4.2739994331811895, -104000.00025621217]}, 'uav_status_counts': {'en_route': 6, 'available': 34, 'damaged': 1}}"
480.0,[],2,[],[3],[11],19,40,0,3,"{'destroyed_this_step': [], 'cluster_status': {1: 'en_route', 0: 'en_route', 2: 'en_route'}, 'cluster_positions': {1: [-1.2261937893216928, -101600.0015765649], 0: [8.394118976435353, -101600.00117379737], 2: [4.198499321513051, -101600.0002578111]}, 'uav_status_counts': {'en_route': 6, 'available': 34, 'damaged': 1}}"
510.0,[],2,[],[3],[11],19,40,0,3,"{'destroyed_this_step': [], 'cluster_status': {1: 'en_route', 0: 'en_route', 2: 'en_route'}, 'cluster_positions': {1: [-1.9765886801875594, -99200.00169511524], 0: [8.98708955032787, -99200.00124733066], 2: [4.122999209844911, -99200.00025941004]}, 'uav_status_counts': {'en_route': 6, 'available': 34, 'damaged': 1}}"
540.0,[],2,[],[3],[11],19,40,0,3,"{'destroyed_this_step': [], 'cluster_status': {1: 'en_route', 0: 'en_route', 2: 'en_route'}, 'cluster_positions': {1: [-2.726983571053426, -96800.00181366557], 0: [9.580060124220385, -96800.00132086394], 2: [4.047499098176773, -96800.00026100897]}, 'uav_status_counts': {'en_route': 6, 'available': 34, 'damaged': 1}}"
570.0,[],2,[],[3],[11],19,40,0,3,"{'destroyed_this_step': [], 'cluster_status': {1: 'en_route', 0: 'en_route', 2: 'en_route'}, 'cluster_positions': {1: [-3.4773784619192925, -94400.0019322159], 0: [10.1730306981129, -94400.00139439723], 2: [3.971998986508634, -94400.00026260791]}, 'uav_status_counts': {'en_route': 6, 'available': 34, 'damaged': 1}}"
600.0,[],2,[],[3],[11],19,40,0,3,"{'destroyed_this_step': [], 'cluster_status': {1: 'en_route', 0: 'en_route', 2: 'en_route'}, 'cluster_positions': {1: [-4.227773352785159, -92000.00205076624], 0: [10.766001272005415, -92000.00146793052], 2: [3.896498874840495, -92000.00026420684]}, 'uav_status_counts': {'en_route': 6, 'available': 34, 'damaged': 1}}"
630.0,[],2,[],[3],[11],19,40,0,3,"{'destroyed_this_step': [], 'cluster_status': {1: 'en_route', 0: 'en_route', 2: 'en_route'}, 'cluster_positions': {1: [-4.978168243651025, -89600.00216931658], 0: [11.35897184589793, -89600.0015414638], 2: [3.820998763172356, -89600.00026580578]}, 'uav_status_counts': {'en_route': 6, 'available': 34, 'damaged': 1}}"
660.0,[],2,[],[3],[11],19,40,0,3,"{'destroyed_this_step': [], 'cluster_status': {1: 'en_route', 0: 'en_route', 2: 'en_route'}, 'cluster_positions': {1: [-5.728563134516891, -87200.00228786691], 0: [11.951942419790445, -87200.00161499709], 2: [3.7454986515042172, -87200.00026740471]}, 'uav_status_counts': {'en_route': 6, 'available': 34, 'damaged': 1}}"
690.0,[],2,[],[3],[11],19,40,0,3,"{'destroyed_this_step': [], 'cluster_status': {1: 'en_route', 0: 'en_route', 2: 'en_route'}, 'cluster_positions': {1: [-6.478958025382758, -84800.00240641725], 0: [12.54491299368296, -84800.00168853038], 2: [3.6699985398360786, -84800.00026900365]}, 'uav_status_counts': {'en_route': 6, 'available': 34, 'damaged': 1}}"
720.0,[],2,[],[3],[11],19,40,0,3,"{'destroyed_this_step': [], 'cluster_status': {1: 'en_route', 0: 'en_route', 2: 'en_route'}, 'cluster_positions': {1: [-7.229352916248624, -82400.00252496758], 0: [13.137883567575475, -82400.00176206366], 2: [3.5944984281679395, -82400.00027060258]}, 'uav_status_counts': {'en_route': 6, 'available': 34, 'damaged': 1}}"
750.0,[],2,[],[3],[11],19,40,0,3,"{'destroyed_this_step': [], 'cluster_status': {1: 'en_route', 0: 'en_route', 2: 'en_route'}, 'cluster_positions': {1: [-7.9797478071144905, -80000.00264351792], 0: [13.73085414146799, -80000.00183559695], 2: [3.5189983164998004, -80000.00027220152]}, 'uav_status_counts': {'en_route': 6, 'available': 34, 'damaged': 1}}"
780.0,[],2,[],[3],[11],19,40,0,3,"{'destroyed_this_step': [], 'cluster_status': {1: 'en_route', 0: 'en_route', 2: 'en_route'}, 'cluster_positions': {1: [-8.730142697980357, -77600.00276206825], 0: [14.323824715360505, -77600.00190913024], 2: [3.443498204831662, -77600.00027380046]}, 'uav_status_counts': {'en_route': 6, 'available': 34, 'damaged': 1}}"
810.0,[],2,[],[3],[11],19,40,0,3,"{'destroyed_this_step': [], 'cluster_status': {1: 'en_route', 0: 'en_route', 2: 'en_route'}, 'cluster_positions': {1: [-9.480537588846223, -75200.00288061859], 0: [14.916795289253018, -75200.00198266353], 2: [3.3679980931635236, -75200.00027539939]}, 'uav_status_counts': {'en_route': 6, 'available': 34, 'damaged': 1}}"
840.0,[],2,[],[3],[11],19,40,0,3,"{'destroyed_this_step': [], 'cluster_status': {1: 'en_route', 0: 'en_route', 2: 'en_route'}, 'cluster_positions': {1: [-10.23093247971209, -72800.00299916892], 0: [15.509765863145534, -72800.00205619681], 2: [3.2924979814953854, -72800.00027699833]}, 'uav_status_counts': {'en_route': 6, 'available': 34, 'damaged': 1}}"
870.0,[],2,[],[3],[11],19,40,0,3,"{'destroyed_this_step': [], 'cluster_status': {1: 'en_route', 0: 'en_route', 2: 'en_route'}, 'cluster_positions': {1: [-10.981327370577956, -70400.00311771926], 0: [16.102736437038047, -70400.0021297301], 2: [3.216997869827247, -70400.00027859726]}, 'uav_status_counts': {'en_route': 6, 'available': 34, 'damaged': 1}}"
900.0,[],2,[],[3],[11],19,40,0,3,"{'destroyed_this_step': [], 'cluster_status': {1: 'en_route', 0: 'en_route', 2: 'en_route'}, 'cluster_positions': {1: [-11.731722261443823, -68000.0032362696], 0: [16.695707010930562, -68000.00220326339], 2: [3.141497758159108, -68000.0002801962]}, 'uav_status_counts': {'en_route': 6, 'available': 34, 'damaged': 1}}"
930.0,[],2,[],[3],[11],19,40,0,3,"{'destroyed_this_step': [], 'cluster_status': {1: 'en_route', 0: 'en_route', 2: 'en_route'}, 'cluster_positions': {1: [-12.482117152309689, -65600.00335481993], 0: [17.288677584823077, -65600.00227679667], 2: [3.0659976464909695, -65600.00028179513]}, 'uav_status_counts': {'en_route': 6, 'available': 34, 'damaged': 1}}"
960.0,[],2,[],[3],[11],19,40,0,3,"{'destroyed_this_step': [], 'cluster_status': {1: 'en_route', 0: 'en_route', 2: 'en_route'}, 'cluster_positions': {1: [-13.232512043175555, -63200.00347337026], 0: [17.881648158715592, -63200.00235032996], 2: [2.990497534822831, -63200.00028339407]}, 'uav_status_counts': {'en_route': 6, 'available': 34, 'damaged': 1}}"
990.0,[],2,[],[3],[11],19,40,0,3,"{'destroyed_this_step': [], 'cluster_status': {1: 'en_route', 0: 'en_route', 2: 'en_route'}, 'cluster_positions': {1: [-13.982906934041422, -60800.00359192059], 0: [18.474618732608107, -60800.00242386325], 2: [2.9149974231546927, -60800.000284992995]}, 'uav_status_counts': {'en_route': 6, 'available': 34, 'damaged': 1}}"
1020.0,[],2,[],[3],[11],19,40,0,3,"{'destroyed_this_step': [], 'cluster_status': {1: 'en_route', 0: 'en_route', 2: 'en_route'}, 'cluster_positions': {1: [-14.733301824907288, -58400.00371047092], 0: [19.067589306500622, -58400.002497396534], 2: [2.8394973114865545, -58400.00028659192]}, 'uav_status_counts': {'en_route': 6, 'available': 34, 'damaged': 1}}"
1050.0,[],2,[],[3],[11],19,40,0,3,"{'destroyed_this_step': [], 'cluster_status': {1: 'en_route', 0: 'en_route', 2: 'en_route'}, 'cluster_positions': {1: [-15.483696715773153, -56000.003829021254], 0: [19.660559880393137, -56000.00257092982], 2: [2.763997199818416, -56000.00028819086]}, 'uav_status_counts': {'en_route': 6, 'available': 34, 'damaged': 1}}"
1080.0,[],2,[],[3],[11],19,40,0,3,"{'destroyed_this_step': [], 'cluster_status': {1: 'en_route', 0: 'en_route', 2: 'en_route'}, 'cluster_positions': {1: [-16.23409160663902, -53600.00394757159], 0: [20.253530454285652, -53600.00264446311], 2: [2.688497088150277, -53600.00028978978]}, 'uav_status_counts': {'en_route': 6, 'available': 34, 'damaged': 1}}"
1110.0,[],2,[],[3],[11],19,40,0,3,"{'destroyed_this_step': [], 'cluster_status': {1: 'en_route', 0: 'en_route', 2: 'en_route'}, 'cluster_positions': {1: [-16.984486497504886, -51200.00406612192], 0: [20.846501028178167, -51200.002717996394], 2: [2.6129969764821386, -51200.000291388715]}, 'uav_status_counts': {'en_route': 6, 'available': 34, 'damaged': 1}}"
1140.0,[],2,[],[3],[11],19,40,0,3,"{'destroyed_this_step': [], 'cluster_status': {1: 'en_route', 0: 'en_route', 2: 'en_route'}, 'cluster_positions': {1: [-17.734881388370752, -48800.004184672245], 0: [21.439471602070682, -48800.00279152968], 2: [2.537496864814, -48800.00029298765]}, 'uav_status_counts': {'en_route': 6, 'available': 34, 'damaged': 1}}"
1170.0,[],2,[],[3],[11],19,40,0,3,"{'destroyed_this_step': [], 'cluster_status': {1: 'en_route', 0: 'en_route', 2: 'en_route'}, 'cluster_positions': {1: [-18.48527627923662, -46400.00430322258], 0: [22.032442175963197, -46400.00286506297], 2: [2.4619967531458617, -46400.00029458658]}, 'uav_status_counts': {'en_route': 6, 'available': 34, 'damaged': 1}}"
1200.0,[],2,[],[3],[11],19,40,0,3,"{'destroyed_this_step': [], 'cluster_status': {1: 'en_route', 0: 'en_route', 2: 'en_route'}, 'cluster_positions': {1: [-19.235671170102485, -44000.004421772916], 0: [22.625412749855712, -44000.002938596255], 2: [2.386496641477723, -44000.000296185506]}, 'uav_status_counts': {'en_route': 6, 'available': 34, 'damaged': 1}}"
1230.0,[],2,[],[3],[11],19,40,0,3,"{'destroyed_this_step': [], 'cluster_status': {1: 'en_route', 0: 'en_route', 2: 'en_route'}, 'cluster_positions': {1: [-19.986066060968355, -41600.00454032324], 0: [23.218383323748228, -41600.00301212954], 2: [2.3109965298095845, -41600.00029778444]}, 'uav_status_counts': {'en_route': 6, 'available': 34, 'damaged': 1}}"
1260.0,[],2,[],[3],[11],19,40,0,3,"{'destroyed_this_step': [], 'cluster_status': {1: 'en_route', 0: 'en_route', 2: 'en_route'}, 'cluster_positions': {1: [-20.73646095183422, -39200.00465887357], 0: [23.811353897640743, -39200.00308566283], 2: [2.2354964181414463, -39200.00029938338]}, 'uav_status_counts': {'en_route': 6, 'available': 34, 'damaged': 1}}"
1290.0,[],2,[],[3],[11],19,40,0,3,"{'destroyed_this_step': [], 'cluster_status': {1: 'en_route', 0: 'en_route', 2: 'en_route'}, 'cluster_positions': {1: [-21.486855842700088, -36800.00477742391], 0: [24.404324471533258, -36800.003159196116], 2: [2.1599963064733076, -36800.0003009823]}, 'uav_status_counts': {'en_route': 6, 'available': 34, 'damaged': 1}}"
1320.0,[],2,[],[3],[11],19,40,0,3,"{'destroyed_this_step': [], 'cluster_status': {1: 'en_route', 0: 'en_route', 2: 'en_route'}, 'cluster_positions': {1: [-22.237250733565958, -34400.00489597424], 0: [24.997295045425773, -34400.0032327294], 2: [2.084496194805169, -34400.00030258123]}, 'uav_status_counts': {'en_route': 6, 'available': 34, 'damaged': 1}}"
1350.0,[],2,[],[3],[11],19,40,0,3,"{'destroyed_this_step': [], 'cluster_status': {1: 'en_route', 0: 'en_route', 2: 'en_route'}, 'cluster_positions': {1: [-22.98764562443182, -32000.005014524573], 0: [25.590265619318288, -32000.00330626269], 2: [2.0089960831370304, -32000.00030418016]}, 'uav_status_counts': {'en_route': 6, 'available': 34, 'damaged': 1}}"
1380.0,[],2,[],[3],[11],19,40,0,3,"{'destroyed_this_step': [], 'cluster_status': {1: 'en_route', 0: 'en_route', 2: 'en_route'}, 'cluster_positions': {1: [-23.738040515297687, -29600.00513307491], 0: [26.183236193210803, -29600.003379795973], 2: [1.933495971468892, -29600.000305779093]}, 'uav_status_counts': {'en_route': 6, 'available': 34, 'damaged': 1}}"
1410.0,[],2,[],[3],[11],19,40,0,3,"{'destroyed_this_step': [], 'cluster_status': {1: 'en_route', 0: 'en_route', 2: 'en_route'}, 'cluster_positions': {1: [-24.488435406163553, -27200.005251625244], 0: [26.77620676710332, -27200.00345332926], 2: [1.8579958598007535, -27200.000307378024]}, 'uav_status_counts': {'en_route': 6, 'available': 34, 'damaged': 1}}"
1440.0,[],2,[],[3],[11],19,40,0,3,"{'destroyed_this_step': [], 'cluster_status': {1: 'en_route', 0: 'en_route', 2: 'en_route'}, 'cluster_positions': {1: [-25.23883029702942, -24800.00537017558], 0: [27.369177340995837, -24800.003526862547], 2: [1.782495748132615, -24800.000308976956]}, 'uav_status_counts': {'en_route': 6, 'available': 34, 'damaged': 1}}"
1470.0,[],2,[],[3],[11],19,40,0,3,"{'destroyed_this_step': [], 'cluster_status': {1: 'en_route', 0: 'en_route', 2: 'en_route'}, 'cluster_positions': {1: [-25.989225187895286, -22400.005488725914], 0: [27.962147914888348, -22400.003600395834], 2: [1.7069956364644763, -22400.000310575888]}, 'uav_status_counts': {'en_route': 6, 'available': 34, 'damaged': 1}}"
1500.0,[],2,[],[3],[11],19,40,0,3,"{'destroyed_this_step': [], 'cluster_status': {1: 'en_route', 0: 'en_route', 2: 'en_route'}, 'cluster_positions': {1: [-26.739620078761153, -20000.00560727625], 0: [28.555118488780863, -20000.00367392912], 2: [1.6314955247963379, -20000.00031217482]}, 'uav_status_counts': {'en_route': 6, 'available': 34, 'damaged': 1}}"
1530.0,[],2,[],[3],[11],19,40,0,3,"{'destroyed_this_step': [], 'cluster_status': {1: 'en_route', 0: 'en_route', 2: 'en_route'}, 'cluster_positions': {1: [-27.49001496962702, -17600.005725826584], 0: [29.14808906267338, -17600.003747462404], 2: [1.5559954131281992, -17600.00031377375]}, 'uav_status_counts': {'en_route': 6, 'available': 34, 'damaged': 1}}"
1560.0,[],2,[],[3],[11],19,40,0,3,"{'destroyed_this_step': [], 'cluster_status': {1: 'en_route', 0: 'en_route', 2: 'en_route'}, 'cluster_positions': {1: [-28.240409860492882, -15200.00584437692], 0: [29.741059636565897, -15200.003820995691], 2: [1.4804953014600606, -15200.000315372683]}, 'uav_status_counts': {'en_route': 6, 'available': 34, 'damaged': 1}}"
1590.0,[],2,[],[3],[11],19,40,0,3,"{'destroyed_this_step': [], 'cluster_status': {1: 'en_route', 0: 'en_route', 2: 'en_route'}, 'cluster_positions': {1: [-28.990804751358752, -12800.005962927253], 0: [30.334030210458412, -12800.003894528978], 2: [1.4049951897919222, -12800.000316971613]}, 'uav_status_counts': {'en_route': 6, 'available': 34, 'damaged': 1}}"
1620.0,[],2,[],[3],[11],19,40,0,3,"{'destroyed_this_step': [], 'cluster_status': {1: 'en_route', 0: 'en_route', 2: 'en_route'}, 'cluster_positions': {1: [-29.74119964222462, -10400.006081477586], 0: [30.927000784350923, -10400.003968062265], 2: [1.3294950781237835, -10400.000318570543]}, 'uav_status_counts': {'en_route': 6, 'available': 34, 'damaged': 1}}"
1650.0,[],2,[],[3],[11],19,40,0,3,"{'destroyed_this_step': [], 'cluster_status': {1: 'en_route', 0: 'en_route', 2: 'en_route'}, 'cluster_positions': {1: [-30.491594533090485, -8000.006200027921], 0: [31.519971358243442, -8000.00404159555], 2: [1.2539949664556451, -8000.000320169474]}, 'uav_status_counts': {'en_route': 6, 'available': 34, 'damaged': 1}}"
1680.0,[],2,[],[3],[11],19,40,0,3,"{'destroyed_this_step': [], 'cluster_status': {1: 'en_route', 0: 'en_route', 2: 'en_route'}, 'cluster_positions': {1: [-31.241989423956348, -5600.006318578255], 0: [32.11294193213595, -5600.004115128836], 2: [1.1784948547875065, -5600.000321768406]}, 'uav_status_counts': {'en_route': 6, 'available': 34, 'damaged': 1}}"
1710.0,[],2,[],[3],[11],19,40,0,3,"{'destroyed_this_step': [], 'cluster_status': {1: 'en_route', 0: 'en_route', 2: 'en_route'}, 'cluster_positions': {1: [-31.992384314822218, -3200.006437128589], 0: [32.70591250602847, -3200.004188662122], 2: [1.102994743119368, -3200.0003233673365]}, 'uav_status_counts': {'en_route': 6, 'available': 34, 'damaged': 1}}"
1740.0,[],2,[],[3],[11],19,40,0,3,"{'destroyed_this_step': [], 'cluster_status': {1: 'en_route', 0: 'en_route', 2: 'en_route'}, 'cluster_positions': {1: [-32.74277920568808, -800.006555678923], 0: [33.298883079920984, -800.004262195408], 2: [1.0274946314512294, -800.0003249662677]}, 'uav_status_counts': {'en_route': 6, 'available': 34, 'damaged': 1}}"
1770.0,[],2,"[2, 6, 17]",[3],[11],16,40,1,3,"{'destroyed_this_step': [17, 6, 2], 'cluster_status': {1: 'striking', 0: 'striking', 2: 'completed'}, 'cluster_positions': {1: [-33.0, 22.666666666666668], 0: [33.5, 14.0], 2: [1.0, 74.0]}, 'uav_status_counts': {'en_route': 3, 'available': 34, 'damaged': 1, 'striking': 3}}"
1800.0,[],2,"[1, 2, 6, 9, 17]",[3],[11],14,40,2,3,"{'destroyed_this_step': [1, 9], 'cluster_status': {1: 'striking', 0: 'completed', 2: 'completed'}, 'cluster_positions': {1: [-33.0, 22.666666666666668], 0: [33.5, 14.0], 2: [1.0, 74.0]}, 'uav_status_counts': {'en_route': 3, 'available': 34, 'damaged': 1, 'striking': 3}}"
1830.0,[],2,"[1, 2, 6, 9, 11, 17]",[3],[11],13,40,3,3,"{'destroyed_this_step': [11], 'cluster_status': {1: 'completed', 0: 'completed', 2: 'completed'}, 'cluster_positions': {1: [-33.0, 22.666666666666668], 0: [33.5, 14.0], 2: [1.0, 74.0]}, 'uav_status_counts': {'en_route': 3, 'available': 34, 'damaged': 1, 'striking': 3}}"
