x,y
0.000000000000000000e+00,3.310000000000000164e-01
1.000000000000000000e+00,5.420000000000000373e-01
2.000000000000000000e+00,2.049999999999999878e-01
3.000000000000000000e+00,3.990000000000000213e-01
4.000000000000000000e+00,4.329999999999999960e-01
5.000000000000000000e+00,0.000000000000000000e+00
6.000000000000000000e+00,3.270000000000000129e-01
7.000000000000000000e+00,3.850000000000000089e-01
8.000000000000000000e+00,3.350000000000000200e-01
9.000000000000000000e+00,7.199999999999999456e-02
1.000000000000000000e+01,5.400000000000000355e-01
1.100000000000000000e+01,4.440000000000000058e-01
1.200000000000000000e+01,3.860000000000000098e-01
1.300000000000000000e+01,7.099999999999999645e-01
1.400000000000000000e+01,3.180000000000000049e-01
1.500000000000000000e+01,5.240000000000000213e-01
1.600000000000000000e+01,4.650000000000000244e-01
1.700000000000000000e+01,3.370000000000000218e-01
1.800000000000000000e+01,4.599999999999999922e-02
1.900000000000000000e+01,4.899999999999999911e-01
2.000000000000000000e+01,6.049999999999999822e-01
2.100000000000000000e+01,5.799999999999999600e-01
2.200000000000000000e+01,5.230000000000000204e-01
2.300000000000000000e+01,6.189999999999999947e-01
2.400000000000000000e+01,4.050000000000000266e-01
2.500000000000000000e+01,5.989999999999999769e-01
2.600000000000000000e+01,1.799999999999999933e-01
2.700000000000000000e+01,4.480000000000000093e-01
2.800000000000000000e+01,1.499999999999999944e-02
2.900000000000000000e+01,3.240000000000000102e-01
3.000000000000000000e+01,1.970000000000000084e-01
3.100000000000000000e+01,3.549999999999999822e-01
3.200000000000000000e+01,2.839999999999999747e-01
3.300000000000000000e+01,2.600000000000000089e-01
3.400000000000000000e+01,2.889999999999999791e-01
3.500000000000000000e+01,7.359999999999999876e-01
3.600000000000000000e+01,7.299999999999999822e-01
3.700000000000000000e+01,4.349999999999999978e-01
3.800000000000000000e+01,6.300000000000000044e-01
3.900000000000000000e+01,6.510000000000000231e-01
4.000000000000000000e+01,8.599999999999999312e-02
4.100000000000000000e+01,6.300000000000000044e-01
4.200000000000000000e+01,5.160000000000000142e-01
4.300000000000000000e+01,2.889999999999999791e-01
4.400000000000000000e+01,3.240000000000000102e-01
4.500000000000000000e+01,5.360000000000000320e-01
4.600000000000000000e+01,4.580000000000000182e-01
4.700000000000000000e+01,7.389999999999999902e-01
4.800000000000000000e+01,7.099999999999999645e-01
4.900000000000000000e+01,4.809999999999999831e-01
5.000000000000000000e+01,2.620000000000000107e-01
5.100000000000000000e+01,7.299999999999999822e-01
5.200000000000000000e+01,7.359999999999999876e-01
5.300000000000000000e+01,2.099999999999999922e-01
5.400000000000000000e+01,7.179999999999999716e-01
5.500000000000000000e+01,6.460000000000000187e-01
5.600000000000000000e+01,8.499999999999999778e-01
5.700000000000000000e+01,7.850000000000000311e-01
5.800000000000000000e+01,4.420000000000000040e-01
5.900000000000000000e+01,6.850000000000000533e-01
6.000000000000000000e+01,6.099999999999999867e-01
6.100000000000000000e+01,7.600000000000000089e-01
6.200000000000000000e+01,6.490000000000000213e-01
6.300000000000000000e+01,7.319999999999999840e-01
6.400000000000000000e+01,3.489999999999999769e-01
6.500000000000000000e+01,5.430000000000000382e-01
6.600000000000000000e+01,7.850000000000000311e-01
6.700000000000000000e+01,4.969999999999999973e-01
6.800000000000000000e+01,7.359999999999999876e-01
6.900000000000000000e+01,7.359999999999999876e-01
7.000000000000000000e+01,6.979999999999999538e-01
7.100000000000000000e+01,7.299999999999999822e-01
7.200000000000000000e+01,6.850000000000000533e-01
7.300000000000000000e+01,5.849999999999999645e-01
7.400000000000000000e+01,5.999999999999999778e-01
7.500000000000000000e+01,8.850000000000000089e-01
7.600000000000000000e+01,6.850000000000000533e-01
7.700000000000000000e+01,7.850000000000000311e-01
7.800000000000000000e+01,7.369999999999999885e-01
7.900000000000000000e+01,6.899999999999999467e-01
8.000000000000000000e+01,8.319999999999999618e-01
8.100000000000000000e+01,4.809999999999999831e-01
8.200000000000000000e+01,5.470000000000000417e-01
8.300000000000000000e+01,6.129999999999999893e-01
8.400000000000000000e+01,4.849999999999999867e-01
8.500000000000000000e+01,3.900000000000000133e-01
8.600000000000000000e+01,5.460000000000000409e-01
8.700000000000000000e+01,8.159999999999999476e-01
8.800000000000000000e+01,7.269999999999999796e-01
8.900000000000000000e+01,3.069999999999999951e-01
9.000000000000000000e+01,7.720000000000000195e-01
9.100000000000000000e+01,7.780000000000000249e-01
9.200000000000000000e+01,8.319999999999999618e-01
9.300000000000000000e+01,7.299999999999999822e-01
9.400000000000000000e+01,5.140000000000000124e-01
9.500000000000000000e+01,5.849999999999999645e-01
9.600000000000000000e+01,6.850000000000000533e-01
9.700000000000000000e+01,7.389999999999999902e-01
9.800000000000000000e+01,8.159999999999999476e-01
9.900000000000000000e+01,7.850000000000000311e-01
1.000000000000000000e+02,4.440000000000000058e-01
1.010000000000000000e+02,5.999999999999999778e-01
1.020000000000000000e+02,8.199999999999999512e-01
1.030000000000000000e+02,6.330000000000000071e-01
1.040000000000000000e+02,3.900000000000000133e-01
1.050000000000000000e+02,5.600000000000000533e-01
1.060000000000000000e+02,7.860000000000000320e-01
1.070000000000000000e+02,3.529999999999999805e-01
1.080000000000000000e+02,6.290000000000000036e-01
1.090000000000000000e+02,6.590000000000000302e-01
1.100000000000000000e+02,7.479999999999999982e-01
1.110000000000000000e+02,2.869999999999999774e-01
1.120000000000000000e+02,8.189999999999999503e-01
1.130000000000000000e+02,5.600000000000000533e-01
1.140000000000000000e+02,5.889999999999999680e-01
1.150000000000000000e+02,6.219999999999999973e-01
1.160000000000000000e+02,6.500000000000000222e-01
1.170000000000000000e+02,4.719999999999999751e-01
1.180000000000000000e+02,9.000000000000000222e-01
1.190000000000000000e+02,7.710000000000000187e-01
1.200000000000000000e+02,5.919999999999999707e-01
1.210000000000000000e+02,3.900000000000000133e-01
1.220000000000000000e+02,7.860000000000000320e-01
1.230000000000000000e+02,6.039999999999999813e-01
1.240000000000000000e+02,7.650000000000000133e-01
1.250000000000000000e+02,5.899999999999999689e-01
1.260000000000000000e+02,5.889999999999999680e-01
1.270000000000000000e+02,7.489999999999999991e-01
1.280000000000000000e+02,7.199999999999999734e-01
1.290000000000000000e+02,1.900000000000000022e-01
1.300000000000000000e+02,7.209999999999999742e-01
1.310000000000000000e+02,5.440000000000000391e-01
1.320000000000000000e+02,2.899999999999999800e-01
1.330000000000000000e+02,6.690000000000000391e-01
1.340000000000000000e+02,8.820000000000000062e-01
1.350000000000000000e+02,6.979999999999999538e-01
1.360000000000000000e+02,7.489999999999999991e-01
1.370000000000000000e+02,8.349999999999999645e-01
1.380000000000000000e+02,5.320000000000000284e-01
1.390000000000000000e+02,5.879999999999999671e-01
1.400000000000000000e+02,6.800000000000000488e-01
1.410000000000000000e+02,5.490000000000000435e-01
1.420000000000000000e+02,4.899999999999999911e-01
1.430000000000000000e+02,6.899999999999999467e-01
1.440000000000000000e+02,6.610000000000000320e-01
1.450000000000000000e+02,5.360000000000000320e-01
1.460000000000000000e+02,6.550000000000000266e-01
1.470000000000000000e+02,6.899999999999999467e-01
1.480000000000000000e+02,2.899999999999999800e-01
1.490000000000000000e+02,7.049999999999999600e-01
1.500000000000000000e+02,7.530000000000000027e-01
1.510000000000000000e+02,3.900000000000000133e-01
1.520000000000000000e+02,8.599999999999999867e-01
1.530000000000000000e+02,6.840000000000000524e-01
1.540000000000000000e+02,7.169999999999999707e-01
1.550000000000000000e+02,2.899999999999999800e-01
1.560000000000000000e+02,8.090000000000000524e-01
1.570000000000000000e+02,2.300000000000000100e-01
1.580000000000000000e+02,6.899999999999999467e-01
1.590000000000000000e+02,7.770000000000000240e-01
1.600000000000000000e+02,7.990000000000000435e-01
1.610000000000000000e+02,5.899999999999999689e-01
1.620000000000000000e+02,5.250000000000000222e-01
1.630000000000000000e+02,7.900000000000000355e-01
1.640000000000000000e+02,7.900000000000000355e-01
1.650000000000000000e+02,5.739999999999999547e-01
1.660000000000000000e+02,4.899999999999999911e-01
1.670000000000000000e+02,7.870000000000000329e-01
1.680000000000000000e+02,8.479999999999999760e-01
1.690000000000000000e+02,6.999999999999999556e-01
1.700000000000000000e+02,5.899999999999999689e-01
1.710000000000000000e+02,7.680000000000000160e-01
1.720000000000000000e+02,7.089999999999999636e-01
1.730000000000000000e+02,4.899999999999999911e-01
1.740000000000000000e+02,8.599999999999999867e-01
1.750000000000000000e+02,3.900000000000000133e-01
1.760000000000000000e+02,8.429999999999999716e-01
1.770000000000000000e+02,4.949999999999999956e-01
1.780000000000000000e+02,6.680000000000000382e-01
1.790000000000000000e+02,5.689999999999999503e-01
1.800000000000000000e+02,7.860000000000000320e-01
1.810000000000000000e+02,6.149999999999999911e-01
1.820000000000000000e+02,2.899999999999999800e-01
1.830000000000000000e+02,8.429999999999999716e-01
1.840000000000000000e+02,8.020000000000000462e-01
1.850000000000000000e+02,9.000000000000000222e-01
1.860000000000000000e+02,7.640000000000000124e-01
1.870000000000000000e+02,7.950000000000000400e-01
1.880000000000000000e+02,4.899999999999999911e-01
1.890000000000000000e+02,8.299999999999999600e-01
1.900000000000000000e+02,8.599999999999999867e-01
1.910000000000000000e+02,7.800000000000000266e-01
1.920000000000000000e+02,8.900000000000000133e-01
1.930000000000000000e+02,7.560000000000000053e-01
1.940000000000000000e+02,9.200000000000000400e-01
1.950000000000000000e+02,8.479999999999999760e-01
1.960000000000000000e+02,7.860000000000000320e-01
1.970000000000000000e+02,5.779999999999999583e-01
1.980000000000000000e+02,8.669999999999999929e-01
1.990000000000000000e+02,6.650000000000000355e-01
2.000000000000000000e+02,5.620000000000000551e-01
2.010000000000000000e+02,7.980000000000000426e-01
2.020000000000000000e+02,9.300000000000000488e-01
2.030000000000000000e+02,5.929999999999999716e-01
2.040000000000000000e+02,8.100000000000000533e-01
2.050000000000000000e+02,8.599999999999999867e-01
2.060000000000000000e+02,7.510000000000000009e-01
2.070000000000000000e+02,5.929999999999999716e-01
2.080000000000000000e+02,8.159999999999999476e-01
2.090000000000000000e+02,8.780000000000000027e-01
2.100000000000000000e+02,6.370000000000000107e-01
2.110000000000000000e+02,7.930000000000000382e-01
2.120000000000000000e+02,8.010000000000000453e-01
2.130000000000000000e+02,5.929999999999999716e-01
2.140000000000000000e+02,7.299999999999999822e-01
2.150000000000000000e+02,8.960000000000000187e-01
2.160000000000000000e+02,7.930000000000000382e-01
2.170000000000000000e+02,7.449999999999999956e-01
2.180000000000000000e+02,8.780000000000000027e-01
2.190000000000000000e+02,6.929999999999999494e-01
2.200000000000000000e+02,8.559999999999999831e-01
2.210000000000000000e+02,8.299999999999999600e-01
2.220000000000000000e+02,8.159999999999999476e-01
2.230000000000000000e+02,4.929999999999999938e-01
2.240000000000000000e+02,6.929999999999999494e-01
2.250000000000000000e+02,4.929999999999999938e-01
2.260000000000000000e+02,7.930000000000000382e-01
2.270000000000000000e+02,7.590000000000000080e-01
2.280000000000000000e+02,7.940000000000000391e-01
2.290000000000000000e+02,6.929999999999999494e-01
2.300000000000000000e+02,8.629999999999999893e-01
2.310000000000000000e+02,9.120000000000000329e-01
2.320000000000000000e+02,4.929999999999999938e-01
2.330000000000000000e+02,6.690000000000000391e-01
2.340000000000000000e+02,6.929999999999999494e-01
2.350000000000000000e+02,7.630000000000000115e-01
2.360000000000000000e+02,8.149999999999999467e-01
2.370000000000000000e+02,3.930000000000000160e-01
2.380000000000000000e+02,7.590000000000000080e-01
2.390000000000000000e+02,4.289999999999999925e-01
2.400000000000000000e+02,4.989999999999999991e-01
2.410000000000000000e+02,8.930000000000000160e-01
2.420000000000000000e+02,8.970000000000000195e-01
2.430000000000000000e+02,7.930000000000000382e-01
2.440000000000000000e+02,6.380000000000000115e-01
2.450000000000000000e+02,6.929999999999999494e-01
2.460000000000000000e+02,7.930000000000000382e-01
2.470000000000000000e+02,9.699999999999999734e-01
2.480000000000000000e+02,8.159999999999999476e-01
2.490000000000000000e+02,8.319999999999999618e-01
2.500000000000000000e+02,9.120000000000000329e-01
2.510000000000000000e+02,8.229999999999999538e-01
2.520000000000000000e+02,9.300000000000000488e-01
2.530000000000000000e+02,8.289999999999999591e-01
2.540000000000000000e+02,7.930000000000000382e-01
2.550000000000000000e+02,6.929999999999999494e-01
2.560000000000000000e+02,5.929999999999999716e-01
2.570000000000000000e+02,7.930000000000000382e-01
2.580000000000000000e+02,8.559999999999999831e-01
2.590000000000000000e+02,8.930000000000000160e-01
2.600000000000000000e+02,7.429999999999999938e-01
2.610000000000000000e+02,6.840000000000000524e-01
2.620000000000000000e+02,9.499999999999999556e-01
2.630000000000000000e+02,8.479999999999999760e-01
2.640000000000000000e+02,8.559999999999999831e-01
2.650000000000000000e+02,9.120000000000000329e-01
2.660000000000000000e+02,8.299999999999999600e-01
2.670000000000000000e+02,8.139999999999999458e-01
2.680000000000000000e+02,5.420000000000000373e-01
2.690000000000000000e+02,9.120000000000000329e-01
2.700000000000000000e+02,8.399999999999999689e-01
2.710000000000000000e+02,8.900000000000000133e-01
2.720000000000000000e+02,8.120000000000000551e-01
2.730000000000000000e+02,9.769999999999999796e-01
2.740000000000000000e+02,7.890000000000000346e-01
2.750000000000000000e+02,9.120000000000000329e-01
2.760000000000000000e+02,7.199999999999999734e-01
2.770000000000000000e+02,9.000000000000000222e-01
2.780000000000000000e+02,8.489999999999999769e-01
2.790000000000000000e+02,8.900000000000000133e-01
2.800000000000000000e+02,8.930000000000000160e-01
2.810000000000000000e+02,8.960000000000000187e-01
2.820000000000000000e+02,9.120000000000000329e-01
2.830000000000000000e+02,6.929999999999999494e-01
2.840000000000000000e+02,7.299999999999999822e-01
2.850000000000000000e+02,9.499999999999999556e-01
2.860000000000000000e+02,7.980000000000000426e-01
2.870000000000000000e+02,8.299999999999999600e-01
2.880000000000000000e+02,8.229999999999999538e-01
2.890000000000000000e+02,8.159999999999999476e-01
2.900000000000000000e+02,9.699999999999999734e-01
2.910000000000000000e+02,8.189999999999999503e-01
2.920000000000000000e+02,9.100000000000000311e-01
2.930000000000000000e+02,8.299999999999999600e-01
2.940000000000000000e+02,9.120000000000000329e-01
2.950000000000000000e+02,9.699999999999999734e-01
2.960000000000000000e+02,8.729999999999999982e-01
2.970000000000000000e+02,9.300000000000000488e-01
2.980000000000000000e+02,8.629999999999999893e-01
2.990000000000000000e+02,9.849999999999999867e-01
3.000000000000000000e+02,8.549999999999999822e-01
3.010000000000000000e+02,9.100000000000000311e-01
3.020000000000000000e+02,6.879999999999999449e-01
3.030000000000000000e+02,8.489999999999999769e-01
3.040000000000000000e+02,9.030000000000000249e-01
3.050000000000000000e+02,8.090000000000000524e-01
3.060000000000000000e+02,8.770000000000000018e-01
3.070000000000000000e+02,9.599999999999999645e-01
3.080000000000000000e+02,9.399999999999999467e-01
3.090000000000000000e+02,8.770000000000000018e-01
3.100000000000000000e+02,8.770000000000000018e-01
3.110000000000000000e+02,9.739999999999999769e-01
3.120000000000000000e+02,9.240000000000000435e-01
3.130000000000000000e+02,1.000000000000000000e+00
3.140000000000000000e+02,9.599999999999999645e-01
3.150000000000000000e+02,8.920000000000000151e-01
3.160000000000000000e+02,7.079999999999999627e-01
3.170000000000000000e+02,9.409999999999999476e-01
3.180000000000000000e+02,9.709999999999999742e-01
3.190000000000000000e+02,9.150000000000000355e-01
3.200000000000000000e+02,1.000000000000000000e+00
3.210000000000000000e+02,8.679999999999999938e-01
3.220000000000000000e+02,1.000000000000000000e+00
3.230000000000000000e+02,9.819999999999999840e-01
3.240000000000000000e+02,8.539999999999999813e-01
3.250000000000000000e+02,7.129999999999999671e-01
3.260000000000000000e+02,9.160000000000000364e-01
3.270000000000000000e+02,9.170000000000000373e-01
3.280000000000000000e+02,8.930000000000000160e-01
3.290000000000000000e+02,1.000000000000000000e+00
3.300000000000000000e+02,1.000000000000000000e+00
3.310000000000000000e+02,8.800000000000000044e-01
3.320000000000000000e+02,8.900000000000000133e-01
3.330000000000000000e+02,9.200000000000000400e-01
3.340000000000000000e+02,8.800000000000000044e-01
3.350000000000000000e+02,8.870000000000000107e-01
3.360000000000000000e+02,8.860000000000000098e-01
3.370000000000000000e+02,1.000000000000000000e+00
3.380000000000000000e+02,1.000000000000000000e+00
3.390000000000000000e+02,1.000000000000000000e+00
3.400000000000000000e+02,8.679999999999999938e-01
3.410000000000000000e+02,9.250000000000000444e-01
3.420000000000000000e+02,9.310000000000000497e-01
3.430000000000000000e+02,9.280000000000000471e-01
3.440000000000000000e+02,7.940000000000000391e-01
3.450000000000000000e+02,8.489999999999999769e-01
3.460000000000000000e+02,6.400000000000000133e-01
3.470000000000000000e+02,9.799999999999999822e-01
3.480000000000000000e+02,6.879999999999999449e-01
3.490000000000000000e+02,8.040000000000000480e-01
3.500000000000000000e+02,9.659999999999999698e-01
3.510000000000000000e+02,1.000000000000000000e+00
3.520000000000000000e+02,1.000000000000000000e+00
3.530000000000000000e+02,1.000000000000000000e+00
3.540000000000000000e+02,1.000000000000000000e+00
3.550000000000000000e+02,1.000000000000000000e+00
3.560000000000000000e+02,9.659999999999999698e-01
3.570000000000000000e+02,1.000000000000000000e+00
3.580000000000000000e+02,1.000000000000000000e+00
3.590000000000000000e+02,1.000000000000000000e+00
3.600000000000000000e+02,1.000000000000000000e+00
3.610000000000000000e+02,1.000000000000000000e+00
3.620000000000000000e+02,1.000000000000000000e+00
3.630000000000000000e+02,1.000000000000000000e+00
3.640000000000000000e+02,1.000000000000000000e+00
3.650000000000000000e+02,1.000000000000000000e+00
3.660000000000000000e+02,1.000000000000000000e+00
3.670000000000000000e+02,1.000000000000000000e+00
3.680000000000000000e+02,1.000000000000000000e+00
3.690000000000000000e+02,1.000000000000000000e+00
3.700000000000000000e+02,9.659999999999999698e-01
3.710000000000000000e+02,1.000000000000000000e+00
3.720000000000000000e+02,1.000000000000000000e+00
3.730000000000000000e+02,8.339999999999999636e-01
3.740000000000000000e+02,1.000000000000000000e+00
3.750000000000000000e+02,1.000000000000000000e+00
3.760000000000000000e+02,1.000000000000000000e+00
3.770000000000000000e+02,1.000000000000000000e+00
3.780000000000000000e+02,6.830000000000000515e-01
3.790000000000000000e+02,8.950000000000000178e-01
3.800000000000000000e+02,9.599999999999999645e-01
3.810000000000000000e+02,1.000000000000000000e+00
3.820000000000000000e+02,1.000000000000000000e+00
3.830000000000000000e+02,7.930000000000000382e-01
3.840000000000000000e+02,1.000000000000000000e+00
3.850000000000000000e+02,9.659999999999999698e-01
3.860000000000000000e+02,1.000000000000000000e+00
3.870000000000000000e+02,1.000000000000000000e+00
3.880000000000000000e+02,1.000000000000000000e+00
3.890000000000000000e+02,1.000000000000000000e+00
3.900000000000000000e+02,1.000000000000000000e+00
3.910000000000000000e+02,1.000000000000000000e+00
3.920000000000000000e+02,1.000000000000000000e+00
3.930000000000000000e+02,1.000000000000000000e+00
3.940000000000000000e+02,8.679999999999999938e-01
3.950000000000000000e+02,8.679999999999999938e-01
3.960000000000000000e+02,1.000000000000000000e+00
3.970000000000000000e+02,1.000000000000000000e+00
3.980000000000000000e+02,9.599999999999999645e-01
3.990000000000000000e+02,1.000000000000000000e+00
4.000000000000000000e+02,8.860000000000000098e-01
4.010000000000000000e+02,1.000000000000000000e+00
4.020000000000000000e+02,9.659999999999999698e-01
4.030000000000000000e+02,1.000000000000000000e+00
4.040000000000000000e+02,9.030000000000000249e-01
4.050000000000000000e+02,9.429999999999999494e-01
4.060000000000000000e+02,9.429999999999999494e-01
4.070000000000000000e+02,1.000000000000000000e+00
4.080000000000000000e+02,1.000000000000000000e+00
4.090000000000000000e+02,1.000000000000000000e+00
4.100000000000000000e+02,1.000000000000000000e+00
4.110000000000000000e+02,1.000000000000000000e+00
4.120000000000000000e+02,1.000000000000000000e+00
4.130000000000000000e+02,1.000000000000000000e+00
4.140000000000000000e+02,9.000000000000000222e-01
4.150000000000000000e+02,9.599999999999999645e-01
4.160000000000000000e+02,1.000000000000000000e+00
4.170000000000000000e+02,1.000000000000000000e+00
4.180000000000000000e+02,1.000000000000000000e+00
4.190000000000000000e+02,1.000000000000000000e+00
4.200000000000000000e+02,1.000000000000000000e+00
4.210000000000000000e+02,1.000000000000000000e+00
4.220000000000000000e+02,1.000000000000000000e+00
4.230000000000000000e+02,1.000000000000000000e+00
4.240000000000000000e+02,1.000000000000000000e+00
4.250000000000000000e+02,9.819999999999999840e-01
4.260000000000000000e+02,1.000000000000000000e+00
4.270000000000000000e+02,9.819999999999999840e-01
4.280000000000000000e+02,1.000000000000000000e+00
4.290000000000000000e+02,1.000000000000000000e+00
4.300000000000000000e+02,1.000000000000000000e+00
4.310000000000000000e+02,1.000000000000000000e+00
4.320000000000000000e+02,1.000000000000000000e+00
4.330000000000000000e+02,1.000000000000000000e+00
4.340000000000000000e+02,1.000000000000000000e+00
4.350000000000000000e+02,1.000000000000000000e+00
4.360000000000000000e+02,9.100000000000000311e-01
4.370000000000000000e+02,8.810000000000000053e-01
4.380000000000000000e+02,1.000000000000000000e+00
4.390000000000000000e+02,9.669999999999999707e-01
4.400000000000000000e+02,1.000000000000000000e+00
4.410000000000000000e+02,7.550000000000000044e-01
4.420000000000000000e+02,9.669999999999999707e-01
4.430000000000000000e+02,9.220000000000000417e-01
4.440000000000000000e+02,1.000000000000000000e+00
4.450000000000000000e+02,1.000000000000000000e+00
4.460000000000000000e+02,1.000000000000000000e+00
4.470000000000000000e+02,1.000000000000000000e+00
4.480000000000000000e+02,9.180000000000000382e-01
4.490000000000000000e+02,1.000000000000000000e+00
4.500000000000000000e+02,1.000000000000000000e+00
4.510000000000000000e+02,1.000000000000000000e+00
4.520000000000000000e+02,1.000000000000000000e+00
4.530000000000000000e+02,1.000000000000000000e+00
4.540000000000000000e+02,1.000000000000000000e+00
4.550000000000000000e+02,1.000000000000000000e+00
4.560000000000000000e+02,1.000000000000000000e+00
4.570000000000000000e+02,1.000000000000000000e+00
4.580000000000000000e+02,9.180000000000000382e-01
4.590000000000000000e+02,1.000000000000000000e+00
4.600000000000000000e+02,1.000000000000000000e+00
4.610000000000000000e+02,9.300000000000000488e-01
4.620000000000000000e+02,1.000000000000000000e+00
4.630000000000000000e+02,9.819999999999999840e-01
4.640000000000000000e+02,1.000000000000000000e+00
4.650000000000000000e+02,9.819999999999999840e-01
4.660000000000000000e+02,1.000000000000000000e+00
4.670000000000000000e+02,9.819999999999999840e-01
4.680000000000000000e+02,9.819999999999999840e-01
4.690000000000000000e+02,7.479999999999999982e-01
4.700000000000000000e+02,1.000000000000000000e+00
4.710000000000000000e+02,1.000000000000000000e+00
4.720000000000000000e+02,9.819999999999999840e-01
4.730000000000000000e+02,1.000000000000000000e+00
4.740000000000000000e+02,1.000000000000000000e+00
4.750000000000000000e+02,9.180000000000000382e-01
4.760000000000000000e+02,1.000000000000000000e+00
4.770000000000000000e+02,1.000000000000000000e+00
4.780000000000000000e+02,7.489999999999999991e-01
4.790000000000000000e+02,1.000000000000000000e+00
4.800000000000000000e+02,9.090000000000000302e-01
4.810000000000000000e+02,1.000000000000000000e+00
4.820000000000000000e+02,1.000000000000000000e+00
4.830000000000000000e+02,1.000000000000000000e+00
4.840000000000000000e+02,1.000000000000000000e+00
4.850000000000000000e+02,8.860000000000000098e-01
4.860000000000000000e+02,1.000000000000000000e+00
4.870000000000000000e+02,1.000000000000000000e+00
4.880000000000000000e+02,1.000000000000000000e+00
4.890000000000000000e+02,1.000000000000000000e+00
4.900000000000000000e+02,1.000000000000000000e+00
4.910000000000000000e+02,1.000000000000000000e+00
4.920000000000000000e+02,1.000000000000000000e+00
4.930000000000000000e+02,1.000000000000000000e+00
4.940000000000000000e+02,1.000000000000000000e+00
4.950000000000000000e+02,1.000000000000000000e+00
4.960000000000000000e+02,1.000000000000000000e+00
4.970000000000000000e+02,1.000000000000000000e+00
4.980000000000000000e+02,1.000000000000000000e+00
4.990000000000000000e+02,1.000000000000000000e+00
5.000000000000000000e+02,9.659999999999999698e-01
5.010000000000000000e+02,9.819999999999999840e-01
5.020000000000000000e+02,1.000000000000000000e+00
5.030000000000000000e+02,9.819999999999999840e-01
5.040000000000000000e+02,8.800000000000000044e-01
5.050000000000000000e+02,1.000000000000000000e+00
5.060000000000000000e+02,8.800000000000000044e-01
5.070000000000000000e+02,1.000000000000000000e+00
5.080000000000000000e+02,1.000000000000000000e+00
5.090000000000000000e+02,9.220000000000000417e-01
5.100000000000000000e+02,1.000000000000000000e+00
5.110000000000000000e+02,1.000000000000000000e+00
5.120000000000000000e+02,1.000000000000000000e+00
5.130000000000000000e+02,1.000000000000000000e+00
5.140000000000000000e+02,1.000000000000000000e+00
5.150000000000000000e+02,1.000000000000000000e+00
5.160000000000000000e+02,1.000000000000000000e+00
5.170000000000000000e+02,1.000000000000000000e+00
5.180000000000000000e+02,1.000000000000000000e+00
5.190000000000000000e+02,1.000000000000000000e+00
5.200000000000000000e+02,1.000000000000000000e+00
5.210000000000000000e+02,1.000000000000000000e+00
5.220000000000000000e+02,1.000000000000000000e+00
5.230000000000000000e+02,9.090000000000000302e-01
5.240000000000000000e+02,9.030000000000000249e-01
5.250000000000000000e+02,1.000000000000000000e+00
5.260000000000000000e+02,1.000000000000000000e+00
5.270000000000000000e+02,1.000000000000000000e+00
5.280000000000000000e+02,1.000000000000000000e+00
5.290000000000000000e+02,1.000000000000000000e+00
5.300000000000000000e+02,8.709999999999999964e-01
5.310000000000000000e+02,1.000000000000000000e+00
5.320000000000000000e+02,1.000000000000000000e+00
5.330000000000000000e+02,1.000000000000000000e+00
5.340000000000000000e+02,1.000000000000000000e+00
5.350000000000000000e+02,1.000000000000000000e+00
5.360000000000000000e+02,1.000000000000000000e+00
5.370000000000000000e+02,1.000000000000000000e+00
5.380000000000000000e+02,1.000000000000000000e+00
5.390000000000000000e+02,1.000000000000000000e+00
5.400000000000000000e+02,1.000000000000000000e+00
5.410000000000000000e+02,1.000000000000000000e+00
5.420000000000000000e+02,1.000000000000000000e+00
5.430000000000000000e+02,1.000000000000000000e+00
5.440000000000000000e+02,1.000000000000000000e+00
5.450000000000000000e+02,1.000000000000000000e+00
5.460000000000000000e+02,1.000000000000000000e+00
5.470000000000000000e+02,9.669999999999999707e-01
5.480000000000000000e+02,1.000000000000000000e+00
5.490000000000000000e+02,1.000000000000000000e+00
5.500000000000000000e+02,1.000000000000000000e+00
5.510000000000000000e+02,1.000000000000000000e+00
5.520000000000000000e+02,1.000000000000000000e+00
5.530000000000000000e+02,1.000000000000000000e+00
5.540000000000000000e+02,1.000000000000000000e+00
5.550000000000000000e+02,8.419999999999999707e-01
5.560000000000000000e+02,1.000000000000000000e+00
5.570000000000000000e+02,1.000000000000000000e+00
5.580000000000000000e+02,1.000000000000000000e+00
5.590000000000000000e+02,1.000000000000000000e+00
5.600000000000000000e+02,8.950000000000000178e-01
5.610000000000000000e+02,1.000000000000000000e+00
5.620000000000000000e+02,1.000000000000000000e+00
5.630000000000000000e+02,1.000000000000000000e+00
5.640000000000000000e+02,1.000000000000000000e+00
5.650000000000000000e+02,1.000000000000000000e+00
5.660000000000000000e+02,1.000000000000000000e+00
5.670000000000000000e+02,1.000000000000000000e+00
5.680000000000000000e+02,1.000000000000000000e+00
5.690000000000000000e+02,1.000000000000000000e+00
5.700000000000000000e+02,1.000000000000000000e+00
5.710000000000000000e+02,1.000000000000000000e+00
5.720000000000000000e+02,1.000000000000000000e+00
5.730000000000000000e+02,1.000000000000000000e+00
5.740000000000000000e+02,1.000000000000000000e+00
5.750000000000000000e+02,1.000000000000000000e+00
5.760000000000000000e+02,1.000000000000000000e+00
5.770000000000000000e+02,1.000000000000000000e+00
5.780000000000000000e+02,1.000000000000000000e+00
5.790000000000000000e+02,1.000000000000000000e+00
5.800000000000000000e+02,1.000000000000000000e+00
5.810000000000000000e+02,8.800000000000000044e-01
5.820000000000000000e+02,1.000000000000000000e+00
5.830000000000000000e+02,1.000000000000000000e+00
5.840000000000000000e+02,1.000000000000000000e+00
5.850000000000000000e+02,1.000000000000000000e+00
5.860000000000000000e+02,9.100000000000000311e-01
5.870000000000000000e+02,9.669999999999999707e-01
5.880000000000000000e+02,1.000000000000000000e+00
5.890000000000000000e+02,1.000000000000000000e+00
5.900000000000000000e+02,1.000000000000000000e+00
5.910000000000000000e+02,1.000000000000000000e+00
5.920000000000000000e+02,1.000000000000000000e+00
5.930000000000000000e+02,1.000000000000000000e+00
5.940000000000000000e+02,1.000000000000000000e+00
5.950000000000000000e+02,1.000000000000000000e+00
5.960000000000000000e+02,7.349999999999999867e-01
5.970000000000000000e+02,1.000000000000000000e+00
5.980000000000000000e+02,8.679999999999999938e-01
5.990000000000000000e+02,1.000000000000000000e+00
6.000000000000000000e+02,1.000000000000000000e+00
6.010000000000000000e+02,1.000000000000000000e+00
6.020000000000000000e+02,1.000000000000000000e+00
6.030000000000000000e+02,1.000000000000000000e+00
6.040000000000000000e+02,9.429999999999999494e-01
6.050000000000000000e+02,1.000000000000000000e+00
6.060000000000000000e+02,1.000000000000000000e+00
6.070000000000000000e+02,1.000000000000000000e+00
6.080000000000000000e+02,1.000000000000000000e+00
6.090000000000000000e+02,1.000000000000000000e+00
6.100000000000000000e+02,1.000000000000000000e+00
6.110000000000000000e+02,1.000000000000000000e+00
6.120000000000000000e+02,9.819999999999999840e-01
6.130000000000000000e+02,1.000000000000000000e+00
6.140000000000000000e+02,1.000000000000000000e+00
6.150000000000000000e+02,1.000000000000000000e+00
6.160000000000000000e+02,1.000000000000000000e+00
6.170000000000000000e+02,1.000000000000000000e+00
6.180000000000000000e+02,7.369999999999999885e-01
6.190000000000000000e+02,8.509999999999999787e-01
6.200000000000000000e+02,1.000000000000000000e+00
6.210000000000000000e+02,1.000000000000000000e+00
6.220000000000000000e+02,1.000000000000000000e+00
6.230000000000000000e+02,1.000000000000000000e+00
6.240000000000000000e+02,8.810000000000000053e-01
6.250000000000000000e+02,1.000000000000000000e+00
6.260000000000000000e+02,1.000000000000000000e+00
6.270000000000000000e+02,9.350000000000000533e-01
6.280000000000000000e+02,1.000000000000000000e+00
6.290000000000000000e+02,1.000000000000000000e+00
6.300000000000000000e+02,1.000000000000000000e+00
6.310000000000000000e+02,1.000000000000000000e+00
6.320000000000000000e+02,1.000000000000000000e+00
6.330000000000000000e+02,1.000000000000000000e+00
6.340000000000000000e+02,1.000000000000000000e+00
6.350000000000000000e+02,1.000000000000000000e+00
6.360000000000000000e+02,8.870000000000000107e-01
6.370000000000000000e+02,1.000000000000000000e+00
6.380000000000000000e+02,1.000000000000000000e+00
6.390000000000000000e+02,1.000000000000000000e+00
6.400000000000000000e+02,1.000000000000000000e+00
6.410000000000000000e+02,1.000000000000000000e+00
6.420000000000000000e+02,1.000000000000000000e+00
6.430000000000000000e+02,9.599999999999999645e-01
6.440000000000000000e+02,1.000000000000000000e+00
6.450000000000000000e+02,9.819999999999999840e-01
6.460000000000000000e+02,1.000000000000000000e+00
6.470000000000000000e+02,8.419999999999999707e-01
6.480000000000000000e+02,8.679999999999999938e-01
6.490000000000000000e+02,9.000000000000000222e-01
6.500000000000000000e+02,8.770000000000000018e-01
6.510000000000000000e+02,1.000000000000000000e+00
6.520000000000000000e+02,9.330000000000000515e-01
6.530000000000000000e+02,1.000000000000000000e+00
6.540000000000000000e+02,1.000000000000000000e+00
6.550000000000000000e+02,1.000000000000000000e+00
6.560000000000000000e+02,1.000000000000000000e+00
6.570000000000000000e+02,8.770000000000000018e-01
6.580000000000000000e+02,1.000000000000000000e+00
6.590000000000000000e+02,1.000000000000000000e+00
6.600000000000000000e+02,1.000000000000000000e+00
6.610000000000000000e+02,9.429999999999999494e-01
6.620000000000000000e+02,9.190000000000000391e-01
6.630000000000000000e+02,1.000000000000000000e+00
6.640000000000000000e+02,1.000000000000000000e+00
6.650000000000000000e+02,8.930000000000000160e-01
6.660000000000000000e+02,1.000000000000000000e+00
6.670000000000000000e+02,1.000000000000000000e+00
6.680000000000000000e+02,1.000000000000000000e+00
6.690000000000000000e+02,1.000000000000000000e+00
6.700000000000000000e+02,1.000000000000000000e+00
6.710000000000000000e+02,1.000000000000000000e+00
6.720000000000000000e+02,9.429999999999999494e-01
6.730000000000000000e+02,1.000000000000000000e+00
6.740000000000000000e+02,9.599999999999999645e-01
6.750000000000000000e+02,1.000000000000000000e+00
6.760000000000000000e+02,1.000000000000000000e+00
6.770000000000000000e+02,1.000000000000000000e+00
6.780000000000000000e+02,1.000000000000000000e+00
6.790000000000000000e+02,1.000000000000000000e+00
6.800000000000000000e+02,1.000000000000000000e+00
6.810000000000000000e+02,8.860000000000000098e-01
6.820000000000000000e+02,1.000000000000000000e+00
6.830000000000000000e+02,1.000000000000000000e+00
6.840000000000000000e+02,1.000000000000000000e+00
6.850000000000000000e+02,1.000000000000000000e+00
6.860000000000000000e+02,1.000000000000000000e+00
6.870000000000000000e+02,9.819999999999999840e-01
6.880000000000000000e+02,1.000000000000000000e+00
6.890000000000000000e+02,1.000000000000000000e+00
6.900000000000000000e+02,1.000000000000000000e+00
6.910000000000000000e+02,1.000000000000000000e+00
6.920000000000000000e+02,1.000000000000000000e+00
6.930000000000000000e+02,1.000000000000000000e+00
6.940000000000000000e+02,1.000000000000000000e+00
6.950000000000000000e+02,8.369999999999999662e-01
6.960000000000000000e+02,9.429999999999999494e-01
6.970000000000000000e+02,1.000000000000000000e+00
6.980000000000000000e+02,1.000000000000000000e+00
6.990000000000000000e+02,1.000000000000000000e+00
7.000000000000000000e+02,1.000000000000000000e+00
7.010000000000000000e+02,1.000000000000000000e+00
7.020000000000000000e+02,1.000000000000000000e+00
7.030000000000000000e+02,1.000000000000000000e+00
7.040000000000000000e+02,8.489999999999999769e-01
7.050000000000000000e+02,1.000000000000000000e+00
7.060000000000000000e+02,1.000000000000000000e+00
7.070000000000000000e+02,1.000000000000000000e+00
7.080000000000000000e+02,1.000000000000000000e+00
7.090000000000000000e+02,1.000000000000000000e+00
7.100000000000000000e+02,1.000000000000000000e+00
7.110000000000000000e+02,1.000000000000000000e+00
7.120000000000000000e+02,1.000000000000000000e+00
7.130000000000000000e+02,1.000000000000000000e+00
7.140000000000000000e+02,1.000000000000000000e+00
7.150000000000000000e+02,1.000000000000000000e+00
7.160000000000000000e+02,1.000000000000000000e+00
7.170000000000000000e+02,1.000000000000000000e+00
7.180000000000000000e+02,1.000000000000000000e+00
7.190000000000000000e+02,1.000000000000000000e+00
7.200000000000000000e+02,1.000000000000000000e+00
7.210000000000000000e+02,9.819999999999999840e-01
7.220000000000000000e+02,1.000000000000000000e+00
7.230000000000000000e+02,1.000000000000000000e+00
7.240000000000000000e+02,1.000000000000000000e+00
7.250000000000000000e+02,1.000000000000000000e+00
7.260000000000000000e+02,8.800000000000000044e-01
7.270000000000000000e+02,1.000000000000000000e+00
7.280000000000000000e+02,1.000000000000000000e+00
7.290000000000000000e+02,1.000000000000000000e+00
7.300000000000000000e+02,1.000000000000000000e+00
7.310000000000000000e+02,1.000000000000000000e+00
7.320000000000000000e+02,1.000000000000000000e+00
7.330000000000000000e+02,1.000000000000000000e+00
7.340000000000000000e+02,1.000000000000000000e+00
7.350000000000000000e+02,8.770000000000000018e-01
7.360000000000000000e+02,1.000000000000000000e+00
7.370000000000000000e+02,9.100000000000000311e-01
7.380000000000000000e+02,9.180000000000000382e-01
7.390000000000000000e+02,1.000000000000000000e+00
7.400000000000000000e+02,1.000000000000000000e+00
7.410000000000000000e+02,1.000000000000000000e+00
7.420000000000000000e+02,1.000000000000000000e+00
7.430000000000000000e+02,1.000000000000000000e+00
7.440000000000000000e+02,1.000000000000000000e+00
7.450000000000000000e+02,1.000000000000000000e+00
7.460000000000000000e+02,1.000000000000000000e+00
7.470000000000000000e+02,1.000000000000000000e+00
7.480000000000000000e+02,1.000000000000000000e+00
7.490000000000000000e+02,1.000000000000000000e+00
7.500000000000000000e+02,1.000000000000000000e+00
7.510000000000000000e+02,1.000000000000000000e+00
7.520000000000000000e+02,1.000000000000000000e+00
7.530000000000000000e+02,1.000000000000000000e+00
7.540000000000000000e+02,1.000000000000000000e+00
7.550000000000000000e+02,1.000000000000000000e+00
7.560000000000000000e+02,9.479999999999999538e-01
7.570000000000000000e+02,1.000000000000000000e+00
7.580000000000000000e+02,1.000000000000000000e+00
7.590000000000000000e+02,9.220000000000000417e-01
7.600000000000000000e+02,1.000000000000000000e+00
7.610000000000000000e+02,1.000000000000000000e+00
7.620000000000000000e+02,1.000000000000000000e+00
7.630000000000000000e+02,1.000000000000000000e+00
7.640000000000000000e+02,1.000000000000000000e+00
7.650000000000000000e+02,1.000000000000000000e+00
7.660000000000000000e+02,8.139999999999999458e-01
7.670000000000000000e+02,1.000000000000000000e+00
7.680000000000000000e+02,8.159999999999999476e-01
7.690000000000000000e+02,8.800000000000000044e-01
7.700000000000000000e+02,8.479999999999999760e-01
7.710000000000000000e+02,1.000000000000000000e+00
7.720000000000000000e+02,8.870000000000000107e-01
7.730000000000000000e+02,1.000000000000000000e+00
7.740000000000000000e+02,1.000000000000000000e+00
7.750000000000000000e+02,1.000000000000000000e+00
7.760000000000000000e+02,1.000000000000000000e+00
7.770000000000000000e+02,1.000000000000000000e+00
7.780000000000000000e+02,1.000000000000000000e+00
7.790000000000000000e+02,1.000000000000000000e+00
7.800000000000000000e+02,1.000000000000000000e+00
7.810000000000000000e+02,1.000000000000000000e+00
7.820000000000000000e+02,1.000000000000000000e+00
7.830000000000000000e+02,9.479999999999999538e-01
7.840000000000000000e+02,1.000000000000000000e+00
7.850000000000000000e+02,8.800000000000000044e-01
7.860000000000000000e+02,1.000000000000000000e+00
7.870000000000000000e+02,1.000000000000000000e+00
7.880000000000000000e+02,1.000000000000000000e+00
7.890000000000000000e+02,9.669999999999999707e-01
7.900000000000000000e+02,1.000000000000000000e+00
7.910000000000000000e+02,8.800000000000000044e-01
7.920000000000000000e+02,1.000000000000000000e+00
7.930000000000000000e+02,1.000000000000000000e+00
7.940000000000000000e+02,1.000000000000000000e+00
7.950000000000000000e+02,1.000000000000000000e+00
7.960000000000000000e+02,9.659999999999999698e-01
7.970000000000000000e+02,1.000000000000000000e+00
7.980000000000000000e+02,1.000000000000000000e+00
7.990000000000000000e+02,1.000000000000000000e+00
8.000000000000000000e+02,1.000000000000000000e+00
8.010000000000000000e+02,9.429999999999999494e-01
8.020000000000000000e+02,8.860000000000000098e-01
8.030000000000000000e+02,1.000000000000000000e+00
8.040000000000000000e+02,1.000000000000000000e+00
8.050000000000000000e+02,1.000000000000000000e+00
8.060000000000000000e+02,8.930000000000000160e-01
8.070000000000000000e+02,1.000000000000000000e+00
8.080000000000000000e+02,9.819999999999999840e-01
8.090000000000000000e+02,1.000000000000000000e+00
8.100000000000000000e+02,1.000000000000000000e+00
8.110000000000000000e+02,1.000000000000000000e+00
8.120000000000000000e+02,1.000000000000000000e+00
8.130000000000000000e+02,1.000000000000000000e+00
8.140000000000000000e+02,1.000000000000000000e+00
8.150000000000000000e+02,1.000000000000000000e+00
8.160000000000000000e+02,1.000000000000000000e+00
8.170000000000000000e+02,1.000000000000000000e+00
8.180000000000000000e+02,1.000000000000000000e+00
8.190000000000000000e+02,1.000000000000000000e+00
8.200000000000000000e+02,8.800000000000000044e-01
8.210000000000000000e+02,1.000000000000000000e+00
8.220000000000000000e+02,1.000000000000000000e+00
8.230000000000000000e+02,1.000000000000000000e+00
8.240000000000000000e+02,1.000000000000000000e+00
8.250000000000000000e+02,1.000000000000000000e+00
8.260000000000000000e+02,1.000000000000000000e+00
8.270000000000000000e+02,1.000000000000000000e+00
8.280000000000000000e+02,1.000000000000000000e+00
8.290000000000000000e+02,1.000000000000000000e+00
8.300000000000000000e+02,1.000000000000000000e+00
8.310000000000000000e+02,1.000000000000000000e+00
8.320000000000000000e+02,1.000000000000000000e+00
8.330000000000000000e+02,1.000000000000000000e+00
8.340000000000000000e+02,1.000000000000000000e+00
8.350000000000000000e+02,1.000000000000000000e+00
8.360000000000000000e+02,1.000000000000000000e+00
8.370000000000000000e+02,1.000000000000000000e+00
8.380000000000000000e+02,9.100000000000000311e-01
8.390000000000000000e+02,9.180000000000000382e-01
8.400000000000000000e+02,1.000000000000000000e+00
8.410000000000000000e+02,9.819999999999999840e-01
8.420000000000000000e+02,1.000000000000000000e+00
8.430000000000000000e+02,1.000000000000000000e+00
8.440000000000000000e+02,8.900000000000000133e-01
8.450000000000000000e+02,1.000000000000000000e+00
8.460000000000000000e+02,1.000000000000000000e+00
8.470000000000000000e+02,8.679999999999999938e-01
8.480000000000000000e+02,9.819999999999999840e-01
8.490000000000000000e+02,1.000000000000000000e+00
8.500000000000000000e+02,1.000000000000000000e+00
8.510000000000000000e+02,1.000000000000000000e+00
8.520000000000000000e+02,1.000000000000000000e+00
8.530000000000000000e+02,9.150000000000000355e-01
8.540000000000000000e+02,1.000000000000000000e+00
8.550000000000000000e+02,9.000000000000000222e-01
8.560000000000000000e+02,1.000000000000000000e+00
8.570000000000000000e+02,1.000000000000000000e+00
8.580000000000000000e+02,1.000000000000000000e+00
8.590000000000000000e+02,1.000000000000000000e+00
8.600000000000000000e+02,1.000000000000000000e+00
8.610000000000000000e+02,1.000000000000000000e+00
8.620000000000000000e+02,1.000000000000000000e+00
8.630000000000000000e+02,9.399999999999999467e-01
8.640000000000000000e+02,9.350000000000000533e-01
8.650000000000000000e+02,1.000000000000000000e+00
8.660000000000000000e+02,1.000000000000000000e+00
8.670000000000000000e+02,1.000000000000000000e+00
8.680000000000000000e+02,1.000000000000000000e+00
8.690000000000000000e+02,1.000000000000000000e+00
8.700000000000000000e+02,9.180000000000000382e-01
8.710000000000000000e+02,1.000000000000000000e+00
8.720000000000000000e+02,1.000000000000000000e+00
8.730000000000000000e+02,1.000000000000000000e+00
8.740000000000000000e+02,1.000000000000000000e+00
8.750000000000000000e+02,1.000000000000000000e+00
8.760000000000000000e+02,1.000000000000000000e+00
8.770000000000000000e+02,9.429999999999999494e-01
8.780000000000000000e+02,1.000000000000000000e+00
8.790000000000000000e+02,8.679999999999999938e-01
8.800000000000000000e+02,1.000000000000000000e+00
8.810000000000000000e+02,1.000000000000000000e+00
8.820000000000000000e+02,1.000000000000000000e+00
8.830000000000000000e+02,1.000000000000000000e+00
8.840000000000000000e+02,1.000000000000000000e+00
8.850000000000000000e+02,1.000000000000000000e+00
8.860000000000000000e+02,9.709999999999999742e-01
8.870000000000000000e+02,1.000000000000000000e+00
8.880000000000000000e+02,8.850000000000000089e-01
8.890000000000000000e+02,1.000000000000000000e+00
8.900000000000000000e+02,1.000000000000000000e+00
8.910000000000000000e+02,1.000000000000000000e+00
8.920000000000000000e+02,1.000000000000000000e+00
8.930000000000000000e+02,1.000000000000000000e+00
8.940000000000000000e+02,9.869999999999999885e-01
8.950000000000000000e+02,1.000000000000000000e+00
8.960000000000000000e+02,1.000000000000000000e+00
8.970000000000000000e+02,1.000000000000000000e+00
8.980000000000000000e+02,9.659999999999999698e-01
8.990000000000000000e+02,1.000000000000000000e+00
9.000000000000000000e+02,9.839999999999999858e-01
9.010000000000000000e+02,1.000000000000000000e+00
9.020000000000000000e+02,1.000000000000000000e+00
9.030000000000000000e+02,1.000000000000000000e+00
9.040000000000000000e+02,9.749999999999999778e-01
9.050000000000000000e+02,1.000000000000000000e+00
9.060000000000000000e+02,1.000000000000000000e+00
9.070000000000000000e+02,1.000000000000000000e+00
9.080000000000000000e+02,9.819999999999999840e-01
9.090000000000000000e+02,1.000000000000000000e+00
9.100000000000000000e+02,1.000000000000000000e+00
9.110000000000000000e+02,1.000000000000000000e+00
9.120000000000000000e+02,1.000000000000000000e+00
9.130000000000000000e+02,1.000000000000000000e+00
9.140000000000000000e+02,9.090000000000000302e-01
9.150000000000000000e+02,1.000000000000000000e+00
9.160000000000000000e+02,1.000000000000000000e+00
9.170000000000000000e+02,1.000000000000000000e+00
9.180000000000000000e+02,9.839999999999999858e-01
9.190000000000000000e+02,1.000000000000000000e+00
9.200000000000000000e+02,1.000000000000000000e+00
9.210000000000000000e+02,1.000000000000000000e+00
9.220000000000000000e+02,9.889999999999999902e-01
9.230000000000000000e+02,1.000000000000000000e+00
9.240000000000000000e+02,1.000000000000000000e+00
9.250000000000000000e+02,1.000000000000000000e+00
9.260000000000000000e+02,1.000000000000000000e+00
9.270000000000000000e+02,1.000000000000000000e+00
9.280000000000000000e+02,1.000000000000000000e+00
9.290000000000000000e+02,9.779999999999999805e-01
9.300000000000000000e+02,1.000000000000000000e+00
9.310000000000000000e+02,1.000000000000000000e+00
9.320000000000000000e+02,1.000000000000000000e+00
9.330000000000000000e+02,1.000000000000000000e+00
9.340000000000000000e+02,1.000000000000000000e+00
9.350000000000000000e+02,9.260000000000000453e-01
9.360000000000000000e+02,1.000000000000000000e+00
9.370000000000000000e+02,1.000000000000000000e+00
9.380000000000000000e+02,1.000000000000000000e+00
9.390000000000000000e+02,1.000000000000000000e+00
9.400000000000000000e+02,9.090000000000000302e-01
9.410000000000000000e+02,1.000000000000000000e+00
9.420000000000000000e+02,1.000000000000000000e+00
9.430000000000000000e+02,1.000000000000000000e+00
9.440000000000000000e+02,1.000000000000000000e+00
9.450000000000000000e+02,9.729999999999999760e-01
9.460000000000000000e+02,1.000000000000000000e+00
9.470000000000000000e+02,1.000000000000000000e+00
9.480000000000000000e+02,1.000000000000000000e+00
9.490000000000000000e+02,1.000000000000000000e+00
9.500000000000000000e+02,1.000000000000000000e+00
9.510000000000000000e+02,1.000000000000000000e+00
9.520000000000000000e+02,1.000000000000000000e+00
9.530000000000000000e+02,1.000000000000000000e+00
9.540000000000000000e+02,1.000000000000000000e+00
9.550000000000000000e+02,1.000000000000000000e+00
9.560000000000000000e+02,1.000000000000000000e+00
9.570000000000000000e+02,1.000000000000000000e+00
9.580000000000000000e+02,1.000000000000000000e+00
9.590000000000000000e+02,1.000000000000000000e+00
9.600000000000000000e+02,1.000000000000000000e+00
9.610000000000000000e+02,9.819999999999999840e-01
9.620000000000000000e+02,9.479999999999999538e-01
9.630000000000000000e+02,9.300000000000000488e-01
9.640000000000000000e+02,1.000000000000000000e+00
9.650000000000000000e+02,1.000000000000000000e+00
9.660000000000000000e+02,1.000000000000000000e+00
9.670000000000000000e+02,1.000000000000000000e+00
9.680000000000000000e+02,1.000000000000000000e+00
9.690000000000000000e+02,1.000000000000000000e+00
9.700000000000000000e+02,1.000000000000000000e+00
9.710000000000000000e+02,1.000000000000000000e+00
9.720000000000000000e+02,1.000000000000000000e+00
9.730000000000000000e+02,1.000000000000000000e+00
9.740000000000000000e+02,1.000000000000000000e+00
9.750000000000000000e+02,9.350000000000000533e-01
9.760000000000000000e+02,1.000000000000000000e+00
9.770000000000000000e+02,1.000000000000000000e+00
9.780000000000000000e+02,1.000000000000000000e+00
9.790000000000000000e+02,1.000000000000000000e+00
9.800000000000000000e+02,1.000000000000000000e+00
9.810000000000000000e+02,1.000000000000000000e+00
9.820000000000000000e+02,9.599999999999999645e-01
9.830000000000000000e+02,9.819999999999999840e-01
9.840000000000000000e+02,1.000000000000000000e+00
9.850000000000000000e+02,1.000000000000000000e+00
9.860000000000000000e+02,9.389999999999999458e-01
9.870000000000000000e+02,1.000000000000000000e+00
9.880000000000000000e+02,1.000000000000000000e+00
9.890000000000000000e+02,1.000000000000000000e+00
9.900000000000000000e+02,1.000000000000000000e+00
9.910000000000000000e+02,9.220000000000000417e-01
9.920000000000000000e+02,1.000000000000000000e+00
9.930000000000000000e+02,1.000000000000000000e+00
9.940000000000000000e+02,1.000000000000000000e+00
9.950000000000000000e+02,1.000000000000000000e+00
9.960000000000000000e+02,1.000000000000000000e+00
9.970000000000000000e+02,1.000000000000000000e+00
9.980000000000000000e+02,1.000000000000000000e+00
9.990000000000000000e+02,1.000000000000000000e+00
